1601683559689,1093,Genera,500,HTTP/1.1 500,BTN 1-1,text,false,,400,0,2,2,http://52.9.236.138:9287/api/emergenciasExternas/saveEventoExternoBoton,1090,0,0
1601683560789,481,Cierra,200,HTTP/1.1 200,BTN 1-1,text,true,,335,0,3,3,http://52.9.236.138:9287/api/emergenciasExternas/updateEventoExternoBoton,481,0,0
1601683560254,1226,Genera,500,HTTP/1.1 500,BTN 1-2,text,false,,400,0,3,3,http://52.9.236.138:9287/api/emergenciasExternas/saveEventoExternoBoton,1226,0,0
1601683560854,1023,Genera,500,HTTP/1.1 500,BTN 1-3,text,false,,400,0,3,3,http://52.9.236.138:9287/api/emergenciasExternas/saveEventoExternoBoton,1023,0,0
1601683561482,403,Cierra,200,HTTP/1.1 200,BTN 1-2,text,true,,335,0,3,3,http://52.9.236.138:9287/api/emergenciasExternas/updateEventoExternoBoton,403,0,0
1601683561878,490,Cierra,200,HTTP/1.1 200,BTN 1-3,text,true,,335,0,3,3,http://52.9.236.138:9287/api/emergenciasExternas/updateEventoExternoBoton,490,0,0
1601683561454,942,Genera,500,HTTP/1.1 500,BTN 1-4,text,false,,400,0,2,2,http://52.9.236.138:9287/api/emergenciasExternas/saveEventoExternoBoton,942,0,0
1601683562396,241,Cierra,200,HTTP/1.1 200,BTN 1-4,text,true,,335,0,2,2,http://52.9.236.138:9287/api/emergenciasExternas/updateEventoExternoBoton,241,0,0
1601683562047,1046,Genera,500,HTTP/1.1 500,BTN 1-5,text,false,,400,0,2,2,http://52.9.236.138:9287/api/emergenciasExternas/saveEventoExternoBoton,1046,0,0
1601683563093,400,Cierra,200,HTTP/1.1 200,BTN 1-5,text,true,,335,0,3,3,http://52.9.236.138:9287/api/emergenciasExternas/updateEventoExternoBoton,400,0,0
1601683562645,850,Genera,500,HTTP/1.1 500,BTN 1-6,text,false,,400,0,2,2,http://52.9.236.138:9287/api/emergenciasExternas/saveEventoExternoBoton,850,0,0
1601683563496,309,Cierra,200,HTTP/1.1 200,BTN 1-6,text,true,,335,0,2,2,http://52.9.236.138:9287/api/emergenciasExternas/updateEventoExternoBoton,309,0,0
1601683563242,899,Genera,500,HTTP/1.1 500,BTN 1-7,text,false,,400,0,2,2,http://52.9.236.138:9287/api/emergenciasExternas/saveEventoExternoBoton,899,0,0
1601683564142,353,Cierra,200,HTTP/1.1 200,BTN 1-7,text,true,,335,0,3,3,http://52.9.236.138:9287/api/emergenciasExternas/updateEventoExternoBoton,353,0,0
1601683563846,869,Genera,500,HTTP/1.1 500,BTN 1-8,text,false,,400,0,2,2,http://52.9.236.138:9287/api/emergenciasExternas/saveEventoExternoBoton,869,0,0
1601683564715,375,Cierra,200,HTTP/1.1 200,BTN 1-8,text,true,,335,0,3,3,http://52.9.236.138:9287/api/emergenciasExternas/updateEventoExternoBoton,375,0,0
1601683564444,1094,Genera,500,HTTP/1.1 500,BTN 1-9,text,false,,400,0,2,2,http://52.9.236.138:9287/api/emergenciasExternas/saveEventoExternoBoton,1094,0,0
1601683565539,273,Cierra,200,HTTP/1.1 200,BTN 1-9,text,true,,335,0,3,3,http://52.9.236.138:9287/api/emergenciasExternas/updateEventoExternoBoton,273,0,0
1601683565045,912,Genera,500,HTTP/1.1 500,BTN 1-10,text,false,,400,0,2,2,http://52.9.236.138:9287/api/emergenciasExternas/saveEventoExternoBoton,912,0,0
1601683565957,234,Cierra,200,HTTP/1.1 200,BTN 1-10,text,true,,335,0,2,2,http://52.9.236.138:9287/api/emergenciasExternas/updateEventoExternoBoton,234,0,0
1601683565648,909,Genera,500,HTTP/1.1 500,BTN 1-11,text,false,,400,0,2,2,http://52.9.236.138:9287/api/emergenciasExternas/saveEventoExternoBoton,909,0,0
1601683566558,514,Cierra,200,HTTP/1.1 200,BTN 1-11,text,true,,335,0,3,3,http://52.9.236.138:9287/api/emergenciasExternas/updateEventoExternoBoton,514,0,0
1601683566257,855,Genera,500,HTTP/1.1 500,BTN 1-12,text,false,,400,0,2,2,http://52.9.236.138:9287/api/emergenciasExternas/saveEventoExternoBoton,855,0,0
1601683567113,306,Cierra,200,HTTP/1.1 200,BTN 1-12,text,true,,335,0,2,2,http://52.9.236.138:9287/api/emergenciasExternas/updateEventoExternoBoton,306,0,0
1601683566846,1048,Genera,500,HTTP/1.1 500,BTN 1-13,text,false,,400,0,2,2,http://52.9.236.138:9287/api/emergenciasExternas/saveEventoExternoBoton,1048,0,0
1601683567895,328,Cierra,200,HTTP/1.1 200,BTN 1-13,text,true,,335,0,3,3,http://52.9.236.138:9287/api/emergenciasExternas/updateEventoExternoBoton,328,0,0
1601683567453,932,Genera,500,HTTP/1.1 500,BTN 1-14,text,false,,400,0,2,2,http://52.9.236.138:9287/api/emergenciasExternas/saveEventoExternoBoton,932,0,0
1601683568385,381,Cierra,200,HTTP/1.1 200,BTN 1-14,text,true,,335,0,3,3,http://52.9.236.138:9287/api/emergenciasExternas/updateEventoExternoBoton,381,0,0
1601683568052,960,Genera,500,HTTP/1.1 500,BTN 1-15,text,false,,400,0,2,2,http://52.9.236.138:9287/api/emergenciasExternas/saveEventoExternoBoton,960,0,0
1601683569012,315,Cierra,200,HTTP/1.1 200,BTN 1-15,text,true,,335,0,3,3,http://52.9.236.138:9287/api/emergenciasExternas/updateEventoExternoBoton,315,0,0
1601683568648,937,Genera,500,HTTP/1.1 500,BTN 1-16,text,false,,400,0,2,2,http://52.9.236.138:9287/api/emergenciasExternas/saveEventoExternoBoton,937,0,0
1601683569251,359,Genera,Non HTTP response code: java.net.SocketException,Non HTTP response message: Socket closed,BTN 1-17,text,false,,2779,0,5,5,http://52.9.236.138:9287/api/emergenciasExternas/saveEventoExternoBoton,0,0,0
1601683569586,35,Cierra,Non HTTP response code: java.net.SocketException,Non HTTP response message: Socket closed,BTN 1-16,text,false,,2779,0,3,3,http://52.9.236.138:9287/api/emergenciasExternas/updateEventoExternoBoton,0,0,0
1602119435873,783,Genera,500,HTTP/1.1 500,BTN 1-1,text,false,,400,0,1,1,http://52.9.236.138:9287/api/emergenciasExternas/saveEventoExternoBoton,775,0,0
1602119436661,451,Cierra,200,HTTP/1.1 200,BTN 1-1,text,true,,335,0,1,1,http://52.9.236.138:9287/api/emergenciasExternas/updateEventoExternoBoton,451,0,0
1602119741582,1395,Genera,500,HTTP/1.1 500,BTN 1-2,text,false,,400,0,6,6,http://52.9.236.138:9287/api/emergenciasExternas/saveEventoExternoBoton,1395,0,0
1602119741284,1694,Genera,500,HTTP/1.1 500,BTN 1-1,text,false,,400,0,6,6,http://52.9.236.138:9287/api/emergenciasExternas/saveEventoExternoBoton,1694,0,0
1602119741879,1099,Genera,500,HTTP/1.1 500,BTN 1-3,text,false,,400,0,6,6,http://52.9.236.138:9287/api/emergenciasExternas/saveEventoExternoBoton,1099,0,0
1602119742184,856,Genera,500,HTTP/1.1 500,BTN 1-4,text,false,,400,0,6,6,http://52.9.236.138:9287/api/emergenciasExternas/saveEventoExternoBoton,856,0,0
1602119742491,715,Genera,500,HTTP/1.1 500,BTN 1-5,text,false,,400,0,7,7,http://52.9.236.138:9287/api/emergenciasExternas/saveEventoExternoBoton,715,0,0
1602119742778,891,Genera,500,HTTP/1.1 500,BTN 1-6,text,false,,400,0,8,8,http://52.9.236.138:9287/api/emergenciasExternas/saveEventoExternoBoton,891,0,0
1602119742980,738,Cierra,200,HTTP/1.1 200,BTN 1-1,text,true,,335,0,9,9,http://52.9.236.138:9287/api/emergenciasExternas/updateEventoExternoBoton,738,0,0
1602119742979,739,Cierra,200,HTTP/1.1 200,BTN 1-2,text,true,,335,0,9,9,http://52.9.236.138:9287/api/emergenciasExternas/updateEventoExternoBoton,739,0,0
1602119742980,758,Cierra,200,HTTP/1.1 200,BTN 1-3,text,true,,335,0,7,7,http://52.9.236.138:9287/api/emergenciasExternas/updateEventoExternoBoton,758,0,0
1602119743210,595,Cierra,200,HTTP/1.1 200,BTN 1-5,text,true,,335,0,6,6,http://52.9.236.138:9287/api/emergenciasExternas/updateEventoExternoBoton,595,0,0
1602119743043,781,Cierra,200,HTTP/1.1 200,BTN 1-4,text,true,,335,0,5,5,http://52.9.236.138:9287/api/emergenciasExternas/updateEventoExternoBoton,781,0,0
1602119743098,915,Genera,500,HTTP/1.1 500,BTN 1-7,text,false,,400,0,5,5,http://52.9.236.138:9287/api/emergenciasExternas/saveEventoExternoBoton,915,0,0
1602119743411,600,Genera,500,HTTP/1.1 500,BTN 1-8,text,false,,400,0,5,5,http://52.9.236.138:9287/api/emergenciasExternas/saveEventoExternoBoton,600,0,0
1602119743670,446,Cierra,200,HTTP/1.1 200,BTN 1-6,text,true,,335,0,5,5,http://52.9.236.138:9287/api/emergenciasExternas/updateEventoExternoBoton,446,0,0
1602119744016,316,Cierra,200,HTTP/1.1 200,BTN 1-7,text,true,,335,0,4,4,http://52.9.236.138:9287/api/emergenciasExternas/updateEventoExternoBoton,316,0,0
1602119743678,658,Genera,500,HTTP/1.1 500,BTN 1-9,text,false,,400,0,3,3,http://52.9.236.138:9287/api/emergenciasExternas/saveEventoExternoBoton,658,0,0
1602119744014,329,Cierra,200,HTTP/1.1 200,BTN 1-8,text,true,,335,0,3,3,http://52.9.236.138:9287/api/emergenciasExternas/updateEventoExternoBoton,329,0,0
1602119744011,538,Genera,500,HTTP/1.1 500,BTN 1-10,text,false,,400,0,2,2,http://52.9.236.138:9287/api/emergenciasExternas/saveEventoExternoBoton,538,0,0
1602119744337,328,Cierra,200,HTTP/1.1 200,BTN 1-9,text,true,,335,0,2,2,http://52.9.236.138:9287/api/emergenciasExternas/updateEventoExternoBoton,328,0,0
1602119744550,316,Cierra,200,HTTP/1.1 200,BTN 1-10,text,true,,335,0,1,1,http://52.9.236.138:9287/api/emergenciasExternas/updateEventoExternoBoton,316,0,0
1602119781915,696,Genera,500,HTTP/1.1 500,BTN 1-1,text,false,,400,0,3,3,http://52.9.236.138:9287/api/emergenciasExternas/saveEventoExternoBoton,696,0,0
1602119782213,670,Genera,500,HTTP/1.1 500,BTN 1-2,text,false,,400,0,4,4,http://52.9.236.138:9287/api/emergenciasExternas/saveEventoExternoBoton,670,0,0
1602119782613,469,Cierra,200,HTTP/1.1 200,BTN 1-1,text,true,,335,0,4,4,http://52.9.236.138:9287/api/emergenciasExternas/updateEventoExternoBoton,469,0,0
1602119782517,612,Genera,500,HTTP/1.1 500,BTN 1-3,text,false,,400,0,4,4,http://52.9.236.138:9287/api/emergenciasExternas/saveEventoExternoBoton,612,0,0
1602119782884,379,Cierra,200,HTTP/1.1 200,BTN 1-2,text,true,,335,0,4,4,http://52.9.236.138:9287/api/emergenciasExternas/updateEventoExternoBoton,379,0,0
1602119782814,665,Genera,500,HTTP/1.1 500,BTN 1-4,text,false,,400,0,4,4,http://52.9.236.138:9287/api/emergenciasExternas/saveEventoExternoBoton,665,0,0
1602119783130,405,Cierra,200,HTTP/1.1 200,BTN 1-3,text,true,,335,0,4,4,http://52.9.236.138:9287/api/emergenciasExternas/updateEventoExternoBoton,405,0,0
1602119783118,620,Genera,500,HTTP/1.1 500,BTN 1-5,text,false,,400,0,4,4,http://52.9.236.138:9287/api/emergenciasExternas/saveEventoExternoBoton,619,0,0
1602119783438,476,Genera,500,HTTP/1.1 500,BTN 1-6,text,false,,400,0,4,4,http://52.9.236.138:9287/api/emergenciasExternas/saveEventoExternoBoton,476,0,0
1602119783481,438,Cierra,200,HTTP/1.1 200,BTN 1-4,text,true,,335,0,4,4,http://52.9.236.138:9287/api/emergenciasExternas/updateEventoExternoBoton,438,0,0
1602119783738,428,Cierra,200,HTTP/1.1 200,BTN 1-5,text,true,,335,0,4,4,http://52.9.236.138:9287/api/emergenciasExternas/updateEventoExternoBoton,428,0,0
1602119783717,500,Genera,500,HTTP/1.1 500,BTN 1-7,text,false,,400,0,3,3,http://52.9.236.138:9287/api/emergenciasExternas/saveEventoExternoBoton,500,0,0
1602119783915,455,Cierra,200,HTTP/1.1 200,BTN 1-6,text,true,,335,0,3,3,http://52.9.236.138:9287/api/emergenciasExternas/updateEventoExternoBoton,455,0,0
1602119784217,349,Cierra,200,HTTP/1.1 200,BTN 1-7,text,true,,335,0,3,3,http://52.9.236.138:9287/api/emergenciasExternas/updateEventoExternoBoton,349,0,0
1602119784015,552,Genera,500,HTTP/1.1 500,BTN 1-8,text,false,,400,0,2,2,http://52.9.236.138:9287/api/emergenciasExternas/saveEventoExternoBoton,552,0,0
1602119784568,337,Cierra,200,HTTP/1.1 200,BTN 1-8,text,true,,335,0,3,3,http://52.9.236.138:9287/api/emergenciasExternas/updateEventoExternoBoton,337,0,0
1602119784381,529,Genera,500,HTTP/1.1 500,BTN 1-9,text,false,,400,0,2,2,http://52.9.236.138:9287/api/emergenciasExternas/saveEventoExternoBoton,528,0,0
1602119784912,351,Cierra,200,HTTP/1.1 200,BTN 1-9,text,true,,335,0,2,2,http://52.9.236.138:9287/api/emergenciasExternas/updateEventoExternoBoton,351,0,0
1602119784653,611,Genera,500,HTTP/1.1 500,BTN 1-10,text,false,,400,0,1,1,http://52.9.236.138:9287/api/emergenciasExternas/saveEventoExternoBoton,611,0,0
1602119785265,336,Cierra,200,HTTP/1.1 200,BTN 1-10,text,true,,335,0,1,1,http://52.9.236.138:9287/api/emergenciasExternas/updateEventoExternoBoton,336,0,0
1602119946196,861,Genera,500,HTTP/1.1 500,BTN 1-1,text,false,,400,0,1,1,http://52.9.236.138:9287/api/emergenciasExternas/saveEventoExternoBoton,861,0,0
1602119947057,558,Cierra,200,HTTP/1.1 200,BTN 1-1,text,true,,335,0,2,2,http://52.9.236.138:9287/api/emergenciasExternas/updateEventoExternoBoton,558,0,0
1602119947198,664,Genera,500,HTTP/1.1 500,BTN 1-2,text,false,,400,0,1,1,http://52.9.236.138:9287/api/emergenciasExternas/saveEventoExternoBoton,664,0,0
1602119947864,347,Cierra,200,HTTP/1.1 200,BTN 1-2,text,true,,335,0,1,1,http://52.9.236.138:9287/api/emergenciasExternas/updateEventoExternoBoton,347,0,0
1602120237735,6075,Genera,200,HTTP/1.1 200,BTN 1-3,text,true,,736,0,10,10,http://52.9.236.138:9287/api/emergenciasExternas/saveEventoExternoBoton,6075,0,0
1602120237963,5906,Genera,200,HTTP/1.1 200,BTN 1-4,text,true,,736,0,10,10,http://52.9.236.138:9287/api/emergenciasExternas/saveEventoExternoBoton,5906,0,0
1602120238138,5731,Genera,200,HTTP/1.1 200,BTN 1-5,text,true,,730,0,10,10,http://52.9.236.138:9287/api/emergenciasExternas/saveEventoExternoBoton,5731,0,0
1602120237537,6393,Genera,200,HTTP/1.1 200,BTN 1-2,text,true,,736,0,10,10,http://52.9.236.138:9287/api/emergenciasExternas/saveEventoExternoBoton,6393,0,0
1602120238335,5636,Genera,200,HTTP/1.1 200,BTN 1-6,text,true,,730,0,10,10,http://52.9.236.138:9287/api/emergenciasExternas/saveEventoExternoBoton,5636,0,0
1602120237345,6626,Genera,200,HTTP/1.1 200,BTN 1-1,text,true,,730,0,10,10,http://52.9.236.138:9287/api/emergenciasExternas/saveEventoExternoBoton,6626,0,0
1602120243870,739,Cierra,200,HTTP/1.1 200,BTN 1-5,text,true,,335,0,10,10,http://52.9.236.138:9287/api/emergenciasExternas/updateEventoExternoBoton,739,0,0
1602120243870,757,Cierra,200,HTTP/1.1 200,BTN 1-4,text,true,,335,0,9,9,http://52.9.236.138:9287/api/emergenciasExternas/updateEventoExternoBoton,757,0,0
1602120243810,818,Cierra,200,HTTP/1.1 200,BTN 1-3,text,true,,335,0,9,9,http://52.9.236.138:9287/api/emergenciasExternas/updateEventoExternoBoton,818,0,0
1602120243933,697,Cierra,200,HTTP/1.1 200,BTN 1-2,text,true,,335,0,7,7,http://52.9.236.138:9287/api/emergenciasExternas/updateEventoExternoBoton,697,0,0
1602120243972,769,Cierra,200,HTTP/1.1 200,BTN 1-6,text,true,,335,0,6,6,http://52.9.236.138:9287/api/emergenciasExternas/updateEventoExternoBoton,769,0,0
1602120243972,780,Cierra,200,HTTP/1.1 200,BTN 1-1,text,true,,335,0,5,5,http://52.9.236.138:9287/api/emergenciasExternas/updateEventoExternoBoton,780,0,0
1602120238535,6393,Genera,200,HTTP/1.1 200,BTN 1-7,text,true,,729,0,4,4,http://52.9.236.138:9287/api/emergenciasExternas/saveEventoExternoBoton,6393,0,0
1602120238991,5945,Genera,200,HTTP/1.1 200,BTN 1-9,text,true,,729,0,4,4,http://52.9.236.138:9287/api/emergenciasExternas/saveEventoExternoBoton,5945,0,0
1602120238737,6269,Genera,200,HTTP/1.1 200,BTN 1-8,text,true,,729,0,4,4,http://52.9.236.138:9287/api/emergenciasExternas/saveEventoExternoBoton,6269,0,0
1602120239157,5860,Genera,200,HTTP/1.1 200,BTN 1-10,text,true,,736,0,4,4,http://52.9.236.138:9287/api/emergenciasExternas/saveEventoExternoBoton,5860,0,0
1602120244929,364,Cierra,200,HTTP/1.1 200,BTN 1-7,text,true,,335,0,4,4,http://52.9.236.138:9287/api/emergenciasExternas/updateEventoExternoBoton,364,0,0
1602120244938,368,Cierra,200,HTTP/1.1 200,BTN 1-9,text,true,,335,0,3,3,http://52.9.236.138:9287/api/emergenciasExternas/updateEventoExternoBoton,368,0,0
1602120245007,321,Cierra,200,HTTP/1.1 200,BTN 1-8,text,true,,335,0,2,2,http://52.9.236.138:9287/api/emergenciasExternas/updateEventoExternoBoton,321,0,0
1602120245017,327,Cierra,200,HTTP/1.1 200,BTN 1-10,text,true,,335,0,1,1,http://52.9.236.138:9287/api/emergenciasExternas/updateEventoExternoBoton,327,0,0
1602120599549,8601,Genera,200,HTTP/1.1 200,BTN 1-9,text,true,,729,0,10,10,http://52.9.236.138:9287/api/emergenciasExternas/saveEventoExternoBoton,8601,0,0
1602120597949,10262,Genera,200,HTTP/1.1 200,BTN 1-1,text,true,,730,0,10,10,http://52.9.236.138:9287/api/emergenciasExternas/saveEventoExternoBoton,10262,0,0
1602120599350,8944,Genera,200,HTTP/1.1 200,BTN 1-8,text,true,,729,0,10,10,http://52.9.236.138:9287/api/emergenciasExternas/saveEventoExternoBoton,8944,0,0
1602120599157,9142,Genera,200,HTTP/1.1 200,BTN 1-7,text,true,,729,0,10,10,http://52.9.236.138:9287/api/emergenciasExternas/saveEventoExternoBoton,9142,0,0
1602120598977,9335,Genera,200,HTTP/1.1 200,BTN 1-6,text,true,,730,0,10,10,http://52.9.236.138:9287/api/emergenciasExternas/saveEventoExternoBoton,9335,0,0
1602120598575,9748,Genera,200,HTTP/1.1 200,BTN 1-4,text,true,,736,0,10,10,http://52.9.236.138:9287/api/emergenciasExternas/saveEventoExternoBoton,9748,0,0
1602120598358,9973,Genera,200,HTTP/1.1 200,BTN 1-3,text,true,,736,0,10,10,http://52.9.236.138:9287/api/emergenciasExternas/saveEventoExternoBoton,9973,0,0
1602120598757,9593,Genera,200,HTTP/1.1 200,BTN 1-5,text,true,,730,0,10,10,http://52.9.236.138:9287/api/emergenciasExternas/saveEventoExternoBoton,9593,0,0
1602120599784,8579,Genera,200,HTTP/1.1 200,BTN 1-10,text,true,,736,0,10,10,http://52.9.236.138:9287/api/emergenciasExternas/saveEventoExternoBoton,8579,0,0
1602120598151,10257,Genera,200,HTTP/1.1 200,BTN 1-2,text,true,,736,0,10,10,http://52.9.236.138:9287/api/emergenciasExternas/saveEventoExternoBoton,10257,0,0
1602120608152,359,Cierra,200,HTTP/1.1 200,BTN 1-9,text,true,,335,0,10,10,http://52.9.236.138:9287/api/emergenciasExternas/updateEventoExternoBoton,359,0,0
1602120608214,301,Cierra,200,HTTP/1.1 200,BTN 1-1,text,true,,335,0,9,9,http://52.9.236.138:9287/api/emergenciasExternas/updateEventoExternoBoton,301,0,0
1602120608300,423,Cierra,200,HTTP/1.1 200,BTN 1-7,text,true,,335,0,8,8,http://52.9.236.138:9287/api/emergenciasExternas/updateEventoExternoBoton,423,0,0
1602120608313,429,Cierra,200,HTTP/1.1 200,BTN 1-6,text,true,,335,0,7,7,http://52.9.236.138:9287/api/emergenciasExternas/updateEventoExternoBoton,429,0,0
1602120608332,433,Cierra,200,HTTP/1.1 200,BTN 1-3,text,true,,335,0,6,6,http://52.9.236.138:9287/api/emergenciasExternas/updateEventoExternoBoton,433,0,0
1602120608326,451,Cierra,200,HTTP/1.1 200,BTN 1-4,text,true,,335,0,5,5,http://52.9.236.138:9287/api/emergenciasExternas/updateEventoExternoBoton,451,0,0
1602120608296,489,Cierra,200,HTTP/1.1 200,BTN 1-8,text,true,,335,0,4,4,http://52.9.236.138:9287/api/emergenciasExternas/updateEventoExternoBoton,489,0,0
1602120608351,434,Cierra,200,HTTP/1.1 200,BTN 1-5,text,true,,335,0,4,4,http://52.9.236.138:9287/api/emergenciasExternas/updateEventoExternoBoton,433,0,0
1602120608409,417,Cierra,200,HTTP/1.1 200,BTN 1-2,text,true,,335,0,2,2,http://52.9.236.138:9287/api/emergenciasExternas/updateEventoExternoBoton,417,0,0
1602120608365,461,Cierra,200,HTTP/1.1 200,BTN 1-10,text,true,,335,0,2,2,http://52.9.236.138:9287/api/emergenciasExternas/updateEventoExternoBoton,461,0,0
1602167751681,9356,Genera,200,HTTP/1.1 200,BTN 1-7,text,true,,728,0,10,10,http://52.9.236.138:9287/api/emergenciasExternas/saveEventoExternoBoton,9354,0,0
1602167752278,8759,Genera,200,HTTP/1.1 200,BTN 1-10,text,true,,735,0,10,10,http://52.9.236.138:9287/api/emergenciasExternas/saveEventoExternoBoton,8757,0,0
1602167751088,9958,Genera,200,HTTP/1.1 200,BTN 1-4,text,true,,735,0,10,10,http://52.9.236.138:9287/api/emergenciasExternas/saveEventoExternoBoton,9958,0,0
1602167761046,523,Cierra,200,HTTP/1.1 200,BTN 1-4,text,true,,335,0,10,10,http://52.9.236.138:9287/api/emergenciasExternas/updateEventoExternoBoton,523,0,0
1602167761041,534,Cierra,200,HTTP/1.1 200,BTN 1-10,text,true,,335,0,9,9,http://52.9.236.138:9287/api/emergenciasExternas/updateEventoExternoBoton,534,0,0
1602167761041,534,Cierra,200,HTTP/1.1 200,BTN 1-7,text,true,,335,0,9,9,http://52.9.236.138:9287/api/emergenciasExternas/updateEventoExternoBoton,534,0,0
1602167752078,9512,Genera,200,HTTP/1.1 200,BTN 1-9,text,true,,728,0,7,7,http://52.9.236.138:9287/api/emergenciasExternas/saveEventoExternoBoton,9512,0,0
1602167750504,11137,Genera,200,HTTP/1.1 200,BTN 1-1,text,true,,729,0,7,7,http://52.9.236.138:9287/api/emergenciasExternas/saveEventoExternoBoton,11137,0,0
1602167750880,10792,Genera,200,HTTP/1.1 200,BTN 1-3,text,true,,735,0,7,7,http://52.9.236.138:9287/api/emergenciasExternas/saveEventoExternoBoton,10792,0,0
1602167750683,10998,Genera,200,HTTP/1.1 200,BTN 1-2,text,true,,736,0,7,7,http://52.9.236.138:9287/api/emergenciasExternas/saveEventoExternoBoton,10998,0,0
1602167751480,10212,Genera,200,HTTP/1.1 200,BTN 1-6,text,true,,729,0,7,7,http://52.9.236.138:9287/api/emergenciasExternas/saveEventoExternoBoton,10212,0,0
1602167751879,9905,Genera,200,HTTP/1.1 200,BTN 1-8,text,true,,728,0,7,7,http://52.9.236.138:9287/api/emergenciasExternas/saveEventoExternoBoton,9905,0,0
1602167751279,10521,Genera,200,HTTP/1.1 200,BTN 1-5,text,true,,729,0,7,7,http://52.9.236.138:9287/api/emergenciasExternas/saveEventoExternoBoton,10521,0,0
1602167761591,555,Cierra,200,HTTP/1.1 200,BTN 1-9,text,true,,335,0,7,7,http://52.9.236.138:9287/api/emergenciasExternas/updateEventoExternoBoton,555,0,0
1602167761673,480,Cierra,200,HTTP/1.1 200,BTN 1-3,text,true,,335,0,6,6,http://52.9.236.138:9287/api/emergenciasExternas/updateEventoExternoBoton,480,0,0
1602167761642,559,Cierra,200,HTTP/1.1 200,BTN 1-1,text,true,,335,0,5,5,http://52.9.236.138:9287/api/emergenciasExternas/updateEventoExternoBoton,559,0,0
1602167761681,548,Cierra,200,HTTP/1.1 200,BTN 1-2,text,true,,335,0,4,4,http://52.9.236.138:9287/api/emergenciasExternas/updateEventoExternoBoton,548,0,0
1602167761692,549,Cierra,200,HTTP/1.1 200,BTN 1-6,text,true,,335,0,3,3,http://52.9.236.138:9287/api/emergenciasExternas/updateEventoExternoBoton,549,0,0
1602167761802,475,Cierra,200,HTTP/1.1 200,BTN 1-5,text,true,,335,0,2,2,http://52.9.236.138:9287/api/emergenciasExternas/updateEventoExternoBoton,475,0,0
1602167761784,518,Cierra,200,HTTP/1.1 200,BTN 1-8,text,true,,335,0,1,1,http://52.9.236.138:9287/api/emergenciasExternas/updateEventoExternoBoton,518,0,0
1602167820258,4200,Genera,200,HTTP/1.1 200,BTN 1-1,text,true,,730,0,10,10,http://52.9.236.138:9287/api/emergenciasExternas/saveEventoExternoBoton,4200,0,0
1602167824458,633,Cierra,200,HTTP/1.1 200,BTN 1-1,text,true,,335,0,10,10,http://52.9.236.138:9287/api/emergenciasExternas/updateEventoExternoBoton,633,0,0
1602167820458,4756,Genera,200,HTTP/1.1 200,BTN 1-2,text,true,,736,0,9,9,http://52.9.236.138:9287/api/emergenciasExternas/saveEventoExternoBoton,4756,0,0
1602167820857,4494,Genera,200,HTTP/1.1 200,BTN 1-4,text,true,,736,0,9,9,http://52.9.236.138:9287/api/emergenciasExternas/saveEventoExternoBoton,4494,0,0
1602167820660,4720,Genera,200,HTTP/1.1 200,BTN 1-3,text,true,,736,0,9,9,http://52.9.236.138:9287/api/emergenciasExternas/saveEventoExternoBoton,4720,0,0
1602167825216,879,Cierra,200,HTTP/1.1 200,BTN 1-2,text,true,,335,0,9,9,http://52.9.236.138:9287/api/emergenciasExternas/updateEventoExternoBoton,879,0,0
1602167825351,891,Cierra,200,HTTP/1.1 200,BTN 1-4,text,true,,335,0,8,8,http://52.9.236.138:9287/api/emergenciasExternas/updateEventoExternoBoton,891,0,0
1602167825380,862,Cierra,200,HTTP/1.1 200,BTN 1-3,text,true,,335,0,8,8,http://52.9.236.138:9287/api/emergenciasExternas/updateEventoExternoBoton,862,0,0
1602167821057,5276,Genera,200,HTTP/1.1 200,BTN 1-5,text,true,,730,0,6,6,http://52.9.236.138:9287/api/emergenciasExternas/saveEventoExternoBoton,5276,0,0
1602167821258,5136,Genera,200,HTTP/1.1 200,BTN 1-6,text,true,,730,0,6,6,http://52.9.236.138:9287/api/emergenciasExternas/saveEventoExternoBoton,5136,0,0
1602167821457,5081,Genera,200,HTTP/1.1 200,BTN 1-7,text,true,,729,0,6,6,http://52.9.236.138:9287/api/emergenciasExternas/saveEventoExternoBoton,5081,0,0
1602167821658,5028,Genera,200,HTTP/1.1 200,BTN 1-8,text,true,,729,0,6,6,http://52.9.236.138:9287/api/emergenciasExternas/saveEventoExternoBoton,5028,0,0
1602167826333,384,Cierra,200,HTTP/1.1 200,BTN 1-5,text,true,,335,0,6,6,http://52.9.236.138:9287/api/emergenciasExternas/updateEventoExternoBoton,384,0,0
1602167826396,394,Cierra,200,HTTP/1.1 200,BTN 1-6,text,true,,335,0,5,5,http://52.9.236.138:9287/api/emergenciasExternas/updateEventoExternoBoton,394,0,0
1602167821860,5007,Genera,200,HTTP/1.1 200,BTN 1-9,text,true,,729,0,4,4,http://52.9.236.138:9287/api/emergenciasExternas/saveEventoExternoBoton,5007,0,0
1602167826538,337,Cierra,200,HTTP/1.1 200,BTN 1-7,text,true,,335,0,4,4,http://52.9.236.138:9287/api/emergenciasExternas/updateEventoExternoBoton,337,0,0
1602167822058,4894,Genera,200,HTTP/1.1 200,BTN 1-10,text,true,,736,0,3,3,http://52.9.236.138:9287/api/emergenciasExternas/saveEventoExternoBoton,4894,0,0
1602167826687,307,Cierra,200,HTTP/1.1 200,BTN 1-8,text,true,,335,0,3,3,http://52.9.236.138:9287/api/emergenciasExternas/updateEventoExternoBoton,307,0,0
1602167826868,323,Cierra,200,HTTP/1.1 200,BTN 1-9,text,true,,335,0,2,2,http://52.9.236.138:9287/api/emergenciasExternas/updateEventoExternoBoton,323,0,0
1602167826952,267,Cierra,200,HTTP/1.1 200,BTN 1-10,text,true,,335,0,1,1,http://52.9.236.138:9287/api/emergenciasExternas/updateEventoExternoBoton,267,0,0
1602195719164,6530,GeneraBTN,200,HTTP/1.1 200,BTN 1-2,text,true,,736,0,10,10,http://52.9.236.138:9287/api/emergenciasExternas/saveEventoExternoBoton,6530,0,0
1602195719023,6665,GeneraBTN,200,HTTP/1.1 200,BTN 1-1,text,true,,730,0,10,10,http://52.9.236.138:9287/api/emergenciasExternas/saveEventoExternoBoton,6664,0,0
1602195719577,6111,GeneraBTN,200,HTTP/1.1 200,BTN 1-4,text,true,,736,0,10,10,http://52.9.236.138:9287/api/emergenciasExternas/saveEventoExternoBoton,6106,0,0
1602195719358,6330,GeneraBTN,200,HTTP/1.1 200,BTN 1-3,text,true,,736,0,10,10,http://52.9.236.138:9287/api/emergenciasExternas/saveEventoExternoBoton,6325,0,0
1602195719757,6498,GeneraBTN,200,HTTP/1.1 200,BTN 1-5,text,true,,730,0,10,10,http://52.9.236.138:9287/api/emergenciasExternas/saveEventoExternoBoton,6498,0,0
1602195725700,769,CierraBTN,200,HTTP/1.1 200,BTN 1-2,text,true,,335,0,10,10,http://52.9.236.138:9287/api/emergenciasExternas/updateEventoExternoBoton,769,0,0
1602195725700,779,CierraBTN,200,HTTP/1.1 200,BTN 1-1,text,true,,335,0,9,9,http://52.9.236.138:9287/api/emergenciasExternas/updateEventoExternoBoton,779,0,0
1602195725700,800,CierraBTN,200,HTTP/1.1 200,BTN 1-4,text,true,,335,0,8,8,http://52.9.236.138:9287/api/emergenciasExternas/updateEventoExternoBoton,800,0,0
1602195725700,820,CierraBTN,200,HTTP/1.1 200,BTN 1-3,text,true,,335,0,7,7,http://52.9.236.138:9287/api/emergenciasExternas/updateEventoExternoBoton,820,0,0
1602195720556,5995,GeneraBTN,200,HTTP/1.1 200,BTN 1-9,text,true,,729,0,6,6,http://52.9.236.138:9287/api/emergenciasExternas/saveEventoExternoBoton,5995,0,0
1602195720356,6200,GeneraBTN,200,HTTP/1.1 200,BTN 1-8,text,true,,729,0,6,6,http://52.9.236.138:9287/api/emergenciasExternas/saveEventoExternoBoton,6200,0,0
1602195726257,348,CierraBTN,200,HTTP/1.1 200,BTN 1-5,text,true,,335,0,6,6,http://52.9.236.138:9287/api/emergenciasExternas/updateEventoExternoBoton,348,0,0
1602195719962,6678,GeneraBTN,200,HTTP/1.1 200,BTN 1-6,text,true,,730,0,5,5,http://52.9.236.138:9287/api/emergenciasExternas/saveEventoExternoBoton,6678,0,0
1602195720160,6508,GeneraBTN,200,HTTP/1.1 200,BTN 1-7,text,true,,729,0,5,5,http://52.9.236.138:9287/api/emergenciasExternas/saveEventoExternoBoton,6508,0,0
1602195720763,6073,GeneraBTN,200,HTTP/1.1 200,BTN 1-10,text,true,,736,0,5,5,http://52.9.236.138:9287/api/emergenciasExternas/saveEventoExternoBoton,6073,0,0
1602195726552,676,CierraBTN,200,HTTP/1.1 200,BTN 1-9,text,true,,335,0,5,5,http://52.9.236.138:9287/api/emergenciasExternas/updateEventoExternoBoton,676,0,0
1602195726641,680,CierraBTN,200,HTTP/1.1 200,BTN 1-6,text,true,,335,0,4,4,http://52.9.236.138:9287/api/emergenciasExternas/updateEventoExternoBoton,680,0,0
1602195726559,947,CierraBTN,200,HTTP/1.1 200,BTN 1-8,text,true,,335,0,3,3,http://52.9.236.138:9287/api/emergenciasExternas/updateEventoExternoBoton,946,0,0
1602195726669,914,CierraBTN,200,HTTP/1.1 200,BTN 1-7,text,true,,335,0,2,2,http://52.9.236.138:9287/api/emergenciasExternas/updateEventoExternoBoton,914,0,0
1602195726837,1064,CierraBTN,200,HTTP/1.1 200,BTN 1-10,text,true,,335,0,1,1,http://52.9.236.138:9287/api/emergenciasExternas/updateEventoExternoBoton,1064,0,0
1602195949195,5175,GeneraBTN,200,HTTP/1.1 200,BTN 1-3,text,true,,736,0,10,10,http://52.9.236.138:9287/api/emergenciasExternas/saveEventoExternoBoton,5175,0,0
1602195948794,6308,GeneraBTN,200,HTTP/1.1 200,BTN 1-1,text,true,,730,0,10,10,http://52.9.236.138:9287/api/emergenciasExternas/saveEventoExternoBoton,6308,0,0
1602195948996,6132,GeneraBTN,200,HTTP/1.1 200,BTN 1-2,text,true,,736,0,10,10,http://52.9.236.138:9287/api/emergenciasExternas/saveEventoExternoBoton,6132,0,0
1602195954391,851,CierraBTN,200,HTTP/1.1 200,BTN 1-3,text,true,,335,0,10,10,http://52.9.236.138:9287/api/emergenciasExternas/updateEventoExternoBoton,851,0,0
1602195949395,6163,GeneraBTN,200,HTTP/1.1 200,BTN 1-4,text,true,,736,0,9,9,http://52.9.236.138:9287/api/emergenciasExternas/saveEventoExternoBoton,6163,0,0
1602195955106,501,CierraBTN,200,HTTP/1.1 200,BTN 1-1,text,true,,335,0,9,9,http://52.9.236.138:9287/api/emergenciasExternas/updateEventoExternoBoton,501,0,0
1602195955129,517,CierraBTN,200,HTTP/1.1 200,BTN 1-2,text,true,,335,0,8,8,http://52.9.236.138:9287/api/emergenciasExternas/updateEventoExternoBoton,517,0,0
1602195955558,441,CierraBTN,200,HTTP/1.1 200,BTN 1-4,text,true,,335,0,7,7,http://52.9.236.138:9287/api/emergenciasExternas/updateEventoExternoBoton,441,0,0
1602195950000,6188,GeneraBTN,200,HTTP/1.1 200,BTN 1-7,text,true,,729,0,6,6,http://52.9.236.138:9287/api/emergenciasExternas/saveEventoExternoBoton,6188,0,0
1602195949595,6612,GeneraBTN,200,HTTP/1.1 200,BTN 1-5,text,true,,730,0,6,6,http://52.9.236.138:9287/api/emergenciasExternas/saveEventoExternoBoton,6612,0,0
1602195949797,6444,GeneraBTN,200,HTTP/1.1 200,BTN 1-6,text,true,,730,0,6,6,http://52.9.236.138:9287/api/emergenciasExternas/saveEventoExternoBoton,6443,0,0
1602195950195,6112,GeneraBTN,200,HTTP/1.1 200,BTN 1-8,text,true,,729,0,6,6,http://52.9.236.138:9287/api/emergenciasExternas/saveEventoExternoBoton,6112,0,0
1602195950393,6044,GeneraBTN,200,HTTP/1.1 200,BTN 1-9,text,true,,729,0,6,6,http://52.9.236.138:9287/api/emergenciasExternas/saveEventoExternoBoton,6044,0,0
1602195956208,357,CierraBTN,200,HTTP/1.1 200,BTN 1-5,text,true,,335,0,6,6,http://52.9.236.138:9287/api/emergenciasExternas/updateEventoExternoBoton,357,0,0
1602195956191,397,CierraBTN,200,HTTP/1.1 200,BTN 1-7,text,true,,335,0,5,5,http://52.9.236.138:9287/api/emergenciasExternas/updateEventoExternoBoton,397,0,0
1602195956242,369,CierraBTN,200,HTTP/1.1 200,BTN 1-6,text,true,,335,0,4,4,http://52.9.236.138:9287/api/emergenciasExternas/updateEventoExternoBoton,369,0,0
1602195956310,354,CierraBTN,200,HTTP/1.1 200,BTN 1-8,text,true,,335,0,3,3,http://52.9.236.138:9287/api/emergenciasExternas/updateEventoExternoBoton,354,0,0
1602195956437,290,CierraBTN,200,HTTP/1.1 200,BTN 1-9,text,true,,335,0,2,2,http://52.9.236.138:9287/api/emergenciasExternas/updateEventoExternoBoton,290,0,0
1602195950592,6873,GeneraBTN,200,HTTP/1.1 200,BTN 1-10,text,true,,736,0,1,1,http://52.9.236.138:9287/api/emergenciasExternas/saveEventoExternoBoton,6873,0,0
1602195957465,286,CierraBTN,200,HTTP/1.1 200,BTN 1-10,text,true,,335,0,1,1,http://52.9.236.138:9287/api/emergenciasExternas/updateEventoExternoBoton,286,0,0
1602278543138,259,GeneraBTN,400,HTTP/1.1 400,BTN 1-1,text,false,,893,0,2,2,http://52.9.236.138:9287/api/emergenciasExternas/saveEventoExternoLPR,249,0,0
1602278543302,218,GeneraBTN,400,HTTP/1.1 400,BTN 1-2,text,false,,893,0,2,2,http://52.9.236.138:9287/api/emergenciasExternas/saveEventoExternoLPR,218,0,0
1602278543496,219,GeneraBTN,400,HTTP/1.1 400,BTN 1-3,text,false,,893,0,2,2,http://52.9.236.138:9287/api/emergenciasExternas/saveEventoExternoLPR,219,0,0
1602278543693,206,GeneraBTN,400,HTTP/1.1 400,BTN 1-4,text,false,,893,0,2,2,http://52.9.236.138:9287/api/emergenciasExternas/saveEventoExternoLPR,206,0,0
1602278543886,233,GeneraBTN,400,HTTP/1.1 400,BTN 1-5,text,false,,893,0,2,2,http://52.9.236.138:9287/api/emergenciasExternas/saveEventoExternoLPR,233,0,0
1602278544088,226,GeneraBTN,400,HTTP/1.1 400,BTN 1-6,text,false,,893,0,2,2,http://52.9.236.138:9287/api/emergenciasExternas/saveEventoExternoLPR,226,0,0
1602278544288,199,GeneraBTN,400,HTTP/1.1 400,BTN 1-7,text,false,,893,0,1,1,http://52.9.236.138:9287/api/emergenciasExternas/saveEventoExternoLPR,199,0,0
1602278544489,199,GeneraBTN,400,HTTP/1.1 400,BTN 1-8,text,false,,893,0,2,2,http://52.9.236.138:9287/api/emergenciasExternas/saveEventoExternoLPR,199,0,0
1602278544688,213,GeneraBTN,400,HTTP/1.1 400,BTN 1-9,text,false,,893,0,2,2,http://52.9.236.138:9287/api/emergenciasExternas/saveEventoExternoLPR,213,0,0
1602278544889,227,GeneraBTN,400,HTTP/1.1 400,BTN 1-10,text,false,,893,0,1,1,http://52.9.236.138:9287/api/emergenciasExternas/saveEventoExternoLPR,227,0,0
1602278584137,227,GeneraBTN,200,HTTP/1.1 200,BTN 1-1,,true,,161,0,2,2,http://52.9.236.138:9287/api/emergenciasExternas/saveEventoExternoLPR,227,0,0
1602278584332,209,GeneraBTN,200,HTTP/1.1 200,BTN 1-2,,true,,161,0,2,2,http://52.9.236.138:9287/api/emergenciasExternas/saveEventoExternoLPR,209,0,0
1602278584534,107,GeneraBTN,200,HTTP/1.1 200,BTN 1-3,,true,,161,0,1,1,http://52.9.236.138:9287/api/emergenciasExternas/saveEventoExternoLPR,107,0,0
1602278584730,110,GeneraBTN,200,HTTP/1.1 200,BTN 1-4,,true,,161,0,1,1,http://52.9.236.138:9287/api/emergenciasExternas/saveEventoExternoLPR,110,0,0
1602278584931,107,GeneraBTN,200,HTTP/1.1 200,BTN 1-5,,true,,161,0,1,1,http://52.9.236.138:9287/api/emergenciasExternas/saveEventoExternoLPR,107,0,0
1602278585137,103,GeneraBTN,200,HTTP/1.1 200,BTN 1-6,,true,,161,0,1,1,http://52.9.236.138:9287/api/emergenciasExternas/saveEventoExternoLPR,103,0,0
1602278585330,108,GeneraBTN,200,HTTP/1.1 200,BTN 1-7,,true,,161,0,1,1,http://52.9.236.138:9287/api/emergenciasExternas/saveEventoExternoLPR,108,0,0
1602278585528,102,GeneraBTN,200,HTTP/1.1 200,BTN 1-8,,true,,161,0,1,1,http://52.9.236.138:9287/api/emergenciasExternas/saveEventoExternoLPR,102,0,0
1602278585733,114,GeneraBTN,200,HTTP/1.1 200,BTN 1-9,,true,,161,0,1,1,http://52.9.236.138:9287/api/emergenciasExternas/saveEventoExternoLPR,114,0,0
1602278585930,121,GeneraBTN,200,HTTP/1.1 200,BTN 1-10,,true,,161,0,1,1,http://52.9.236.138:9287/api/emergenciasExternas/saveEventoExternoLPR,121,0,0
1602279417287,194,GeneraBTN,200,HTTP/1.1 200,BTN 1-1,,true,,161,0,1,1,http://52.9.236.138:9287/api/emergenciasExternas/saveEventoExternoLPR,194,0,0
1602279417490,125,GeneraBTN,200,HTTP/1.1 200,BTN 1-2,,true,,161,0,1,1,http://52.9.236.138:9287/api/emergenciasExternas/saveEventoExternoLPR,125,0,0
1602279417690,100,GeneraBTN,200,HTTP/1.1 200,BTN 1-3,,true,,161,0,1,1,http://52.9.236.138:9287/api/emergenciasExternas/saveEventoExternoLPR,100,0,0
1602279417896,100,GeneraBTN,200,HTTP/1.1 200,BTN 1-4,,true,,161,0,1,1,http://52.9.236.138:9287/api/emergenciasExternas/saveEventoExternoLPR,100,0,0
1602279418094,119,GeneraBTN,200,HTTP/1.1 200,BTN 1-5,,true,,161,0,1,1,http://52.9.236.138:9287/api/emergenciasExternas/saveEventoExternoLPR,119,0,0
1602279418292,100,GeneraBTN,200,HTTP/1.1 200,BTN 1-6,,true,,161,0,1,1,http://52.9.236.138:9287/api/emergenciasExternas/saveEventoExternoLPR,100,0,0
1602279418495,107,GeneraBTN,200,HTTP/1.1 200,BTN 1-7,,true,,161,0,1,1,http://52.9.236.138:9287/api/emergenciasExternas/saveEventoExternoLPR,107,0,0
1602279418694,108,GeneraBTN,200,HTTP/1.1 200,BTN 1-8,,true,,161,0,1,1,http://52.9.236.138:9287/api/emergenciasExternas/saveEventoExternoLPR,108,0,0
1602279418893,123,GeneraBTN,200,HTTP/1.1 200,BTN 1-9,,true,,161,0,1,1,http://52.9.236.138:9287/api/emergenciasExternas/saveEventoExternoLPR,123,0,0
1602279419088,149,GeneraBTN,200,HTTP/1.1 200,BTN 1-10,,true,,161,0,1,1,http://52.9.236.138:9287/api/emergenciasExternas/saveEventoExternoLPR,149,0,0
1602279477486,199,GeneraBTN,200,HTTP/1.1 200,BTN 1-1,,true,,161,0,1,1,http://52.9.236.138:9287/api/emergenciasExternas/saveEventoExternoLPR,199,0,0
1602279704398,204,GeneraBTN,200,HTTP/1.1 200,BTN 1-1,,true,,161,0,1,1,http://52.9.236.138:9287/api/emergenciasExternas/saveEventoExternoLPR,204,0,0
1602279864979,830,GeneraBTN,200,HTTP/1.1 200,BTN 1-1,,true,,161,0,1,1,http://52.9.236.138:9287/api/emergenciasExternas/saveEventoExternoLPR,830,0,0
1602280385186,214,GeneraBTN,200,HTTP/1.1 200,BTN 1-1,,true,,161,0,1,1,http://52.9.236.138:9287/api/emergenciasExternas/saveEventoExternoLPR,212,0,0
1602280626247,325,GeneraBTN,200,HTTP/1.1 200,BTN 1-1,,true,,161,0,1,1,http://52.9.236.138:9287/api/emergenciasExternas/saveEventoExternoLPR,325,0,0
1602280854623,346,GeneraBTN,200,HTTP/1.1 200,BTN 1-1,,true,,161,0,1,1,http://52.9.236.138:9287/api/emergenciasExternas/saveEventoExternoLPR,346,0,0
1602280943685,319,GeneraBTN,200,HTTP/1.1 200,BTN 1-1,,true,,161,0,1,1,http://52.9.236.138:9287/api/emergenciasExternas/saveEventoExternoLPR,319,0,0
1602281223543,213,GeneraBTN,200,HTTP/1.1 200,BTN 1-1,,true,,161,0,1,1,http://52.9.236.138:9287/api/emergenciasExternas/saveEventoExternoLPR,213,0,0
1602281259905,221,GeneraBTN,200,HTTP/1.1 200,BTN 1-1,,true,,161,0,1,1,http://52.9.236.138:9287/api/emergenciasExternas/saveEventoExternoLPR,221,0,0
1602281336005,209,GeneraBTN,200,HTTP/1.1 200,BTN 1-1,,true,,161,0,1,1,http://52.9.236.138:9287/api/emergenciasExternas/saveEventoExternoLPR,209,0,0
1602281488953,210,GeneraBTN,200,HTTP/1.1 200,BTN 1-1,,true,,161,0,1,1,http://52.9.236.138:9287/api/emergenciasExternas/saveEventoExternoLPR,210,0,0
1602281490618,121,GeneraBTN,200,HTTP/1.1 200,BTN 1-2,,true,,161,0,1,1,http://52.9.236.138:9287/api/emergenciasExternas/saveEventoExternoLPR,121,0,0
1602281492287,119,GeneraBTN,200,HTTP/1.1 200,BTN 1-3,,true,,161,0,1,1,http://52.9.236.138:9287/api/emergenciasExternas/saveEventoExternoLPR,119,0,0
1602281568178,213,GeneraBTN,200,HTTP/1.1 200,BTN 1-1,,true,,161,0,1,1,http://52.9.236.138:9287/api/emergenciasExternas/saveEventoExternoLPR,212,0,0
1602281571500,115,GeneraBTN,200,HTTP/1.1 200,BTN 1-2,,true,,161,0,1,1,http://52.9.236.138:9287/api/emergenciasExternas/saveEventoExternoLPR,115,0,0
1602281574844,115,GeneraBTN,200,HTTP/1.1 200,BTN 1-3,,true,,161,0,1,1,http://52.9.236.138:9287/api/emergenciasExternas/saveEventoExternoLPR,115,0,0
1602281618943,212,GeneraBTN,200,HTTP/1.1 200,BTN 1-1,,true,,161,0,1,1,http://52.9.236.138:9287/api/emergenciasExternas/saveEventoExternoLPR,212,0,0
1602281621604,103,GeneraBTN,200,HTTP/1.1 200,BTN 1-2,,true,,161,0,1,1,http://52.9.236.138:9287/api/emergenciasExternas/saveEventoExternoLPR,103,0,0
1602281624282,121,GeneraBTN,200,HTTP/1.1 200,BTN 1-3,,true,,161,0,1,1,http://52.9.236.138:9287/api/emergenciasExternas/saveEventoExternoLPR,121,0,0
1602281910745,205,GeneraBTN,200,HTTP/1.1 200,BTN 1-1,,true,,161,0,1,1,http://52.9.236.138:9287/api/emergenciasExternas/saveEventoExternoLPR,205,0,0
1602281911538,117,GeneraBTN,200,HTTP/1.1 200,BTN 1-2,,true,,161,0,1,1,http://52.9.236.138:9287/api/emergenciasExternas/saveEventoExternoLPR,117,0,0
1602281912337,110,GeneraBTN,200,HTTP/1.1 200,BTN 1-3,,true,,161,0,1,1,http://52.9.236.138:9287/api/emergenciasExternas/saveEventoExternoLPR,110,0,0
1602281913150,130,GeneraBTN,200,HTTP/1.1 200,BTN 1-4,,true,,161,0,1,1,http://52.9.236.138:9287/api/emergenciasExternas/saveEventoExternoLPR,130,0,0
1602281913935,104,GeneraBTN,200,HTTP/1.1 200,BTN 1-5,,true,,161,0,1,1,http://52.9.236.138:9287/api/emergenciasExternas/saveEventoExternoLPR,104,0,0
1602281914731,125,GeneraBTN,200,HTTP/1.1 200,BTN 1-6,,true,,161,0,1,1,http://52.9.236.138:9287/api/emergenciasExternas/saveEventoExternoLPR,125,0,0
1602281915530,134,GeneraBTN,200,HTTP/1.1 200,BTN 1-7,,true,,161,0,1,1,http://52.9.236.138:9287/api/emergenciasExternas/saveEventoExternoLPR,134,0,0
1602281916332,117,GeneraBTN,200,HTTP/1.1 200,BTN 1-8,,true,,161,0,1,1,http://52.9.236.138:9287/api/emergenciasExternas/saveEventoExternoLPR,117,0,0
1602281917142,117,GeneraBTN,200,HTTP/1.1 200,BTN 1-9,,true,,161,0,1,1,http://52.9.236.138:9287/api/emergenciasExternas/saveEventoExternoLPR,117,0,0
1602281917942,140,GeneraBTN,200,HTTP/1.1 200,BTN 1-10,,true,,161,0,1,1,http://52.9.236.138:9287/api/emergenciasExternas/saveEventoExternoLPR,140,0,0
1602281918732,135,GeneraBTN,200,HTTP/1.1 200,BTN 1-11,,true,,161,0,1,1,http://52.9.236.138:9287/api/emergenciasExternas/saveEventoExternoLPR,135,0,0
1602281919545,129,GeneraBTN,200,HTTP/1.1 200,BTN 1-12,,true,,161,0,1,1,http://52.9.236.138:9287/api/emergenciasExternas/saveEventoExternoLPR,129,0,0
1602281920332,126,GeneraBTN,200,HTTP/1.1 200,BTN 1-13,,true,,161,0,1,1,http://52.9.236.138:9287/api/emergenciasExternas/saveEventoExternoLPR,126,0,0
1602281921140,135,GeneraBTN,200,HTTP/1.1 200,BTN 1-14,,true,,161,0,1,1,http://52.9.236.138:9287/api/emergenciasExternas/saveEventoExternoLPR,135,0,0
1602281921947,128,GeneraBTN,200,HTTP/1.1 200,BTN 1-15,,true,,161,0,1,1,http://52.9.236.138:9287/api/emergenciasExternas/saveEventoExternoLPR,128,0,0
1602281922735,128,GeneraBTN,200,HTTP/1.1 200,BTN 1-16,,true,,161,0,1,1,http://52.9.236.138:9287/api/emergenciasExternas/saveEventoExternoLPR,128,0,0
1602281923541,142,GeneraBTN,200,HTTP/1.1 200,BTN 1-17,,true,,161,0,1,1,http://52.9.236.138:9287/api/emergenciasExternas/saveEventoExternoLPR,142,0,0
1602281924333,148,GeneraBTN,200,HTTP/1.1 200,BTN 1-18,,true,,161,0,1,1,http://52.9.236.138:9287/api/emergenciasExternas/saveEventoExternoLPR,148,0,0
1602281925144,157,GeneraBTN,200,HTTP/1.1 200,BTN 1-19,,true,,161,0,1,1,http://52.9.236.138:9287/api/emergenciasExternas/saveEventoExternoLPR,157,0,0
1602281925942,166,GeneraBTN,200,HTTP/1.1 200,BTN 1-20,,true,,161,0,1,1,http://52.9.236.138:9287/api/emergenciasExternas/saveEventoExternoLPR,166,0,0
1602281926746,137,GeneraBTN,200,HTTP/1.1 200,BTN 1-21,,true,,161,0,1,1,http://52.9.236.138:9287/api/emergenciasExternas/saveEventoExternoLPR,137,0,0
1602281927533,136,GeneraBTN,200,HTTP/1.1 200,BTN 1-22,,true,,161,0,1,1,http://52.9.236.138:9287/api/emergenciasExternas/saveEventoExternoLPR,136,0,0
1602281928334,141,GeneraBTN,200,HTTP/1.1 200,BTN 1-23,,true,,161,0,1,1,http://52.9.236.138:9287/api/emergenciasExternas/saveEventoExternoLPR,141,0,0
1602281929177,137,GeneraBTN,200,HTTP/1.1 200,BTN 1-24,,true,,161,0,1,1,http://52.9.236.138:9287/api/emergenciasExternas/saveEventoExternoLPR,137,0,0
1602281929941,137,GeneraBTN,200,HTTP/1.1 200,BTN 1-25,,true,,161,0,1,1,http://52.9.236.138:9287/api/emergenciasExternas/saveEventoExternoLPR,137,0,0
1602281996805,218,GeneraBTN,200,HTTP/1.1 200,BTN 1-1,,true,,161,0,1,1,http://52.9.236.138:9287/api/emergenciasExternas/saveEventoExternoLPR,218,0,0
1602281998404,121,GeneraBTN,200,HTTP/1.1 200,BTN 1-2,,true,,161,0,1,1,http://52.9.236.138:9287/api/emergenciasExternas/saveEventoExternoLPR,121,0,0
1602282000003,106,GeneraBTN,200,HTTP/1.1 200,BTN 1-3,,true,,161,0,1,1,http://52.9.236.138:9287/api/emergenciasExternas/saveEventoExternoLPR,106,0,0
1602282001604,104,GeneraBTN,200,HTTP/1.1 200,BTN 1-4,,true,,161,0,1,1,http://52.9.236.138:9287/api/emergenciasExternas/saveEventoExternoLPR,104,0,0
1602282003207,121,GeneraBTN,200,HTTP/1.1 200,BTN 1-5,,true,,161,0,1,1,http://52.9.236.138:9287/api/emergenciasExternas/saveEventoExternoLPR,121,0,0
1602282004801,121,GeneraBTN,200,HTTP/1.1 200,BTN 1-6,,true,,161,0,1,1,http://52.9.236.138:9287/api/emergenciasExternas/saveEventoExternoLPR,121,0,0
1602282006404,107,GeneraBTN,200,HTTP/1.1 200,BTN 1-7,,true,,161,0,1,1,http://52.9.236.138:9287/api/emergenciasExternas/saveEventoExternoLPR,107,0,0
1602282008011,116,GeneraBTN,200,HTTP/1.1 200,BTN 1-8,,true,,161,0,1,1,http://52.9.236.138:9287/api/emergenciasExternas/saveEventoExternoLPR,116,0,0
1602282009616,129,GeneraBTN,200,HTTP/1.1 200,BTN 1-9,,true,,161,0,1,1,http://52.9.236.138:9287/api/emergenciasExternas/saveEventoExternoLPR,129,0,0
1602282011209,126,GeneraBTN,200,HTTP/1.1 200,BTN 1-10,,true,,161,0,1,1,http://52.9.236.138:9287/api/emergenciasExternas/saveEventoExternoLPR,126,0,0
1602282012820,140,GeneraBTN,200,HTTP/1.1 200,BTN 1-11,,true,,161,0,1,1,http://52.9.236.138:9287/api/emergenciasExternas/saveEventoExternoLPR,139,0,0
1602282014404,137,GeneraBTN,200,HTTP/1.1 200,BTN 1-12,,true,,161,0,1,1,http://52.9.236.138:9287/api/emergenciasExternas/saveEventoExternoLPR,137,0,0
1602282016003,114,GeneraBTN,200,HTTP/1.1 200,BTN 1-13,,true,,161,0,1,1,http://52.9.236.138:9287/api/emergenciasExternas/saveEventoExternoLPR,114,0,0
1602282017605,128,GeneraBTN,200,HTTP/1.1 200,BTN 1-14,,true,,161,0,1,1,http://52.9.236.138:9287/api/emergenciasExternas/saveEventoExternoLPR,128,0,0
1602282019213,127,GeneraBTN,200,HTTP/1.1 200,BTN 1-15,,true,,161,0,1,1,http://52.9.236.138:9287/api/emergenciasExternas/saveEventoExternoLPR,127,0,0
1602282020803,164,GeneraBTN,200,HTTP/1.1 200,BTN 1-16,,true,,161,0,1,1,http://52.9.236.138:9287/api/emergenciasExternas/saveEventoExternoLPR,164,0,0
1602282022402,121,GeneraBTN,200,HTTP/1.1 200,BTN 1-17,,true,,161,0,1,1,http://52.9.236.138:9287/api/emergenciasExternas/saveEventoExternoLPR,121,0,0
1602282024011,115,GeneraBTN,200,HTTP/1.1 200,BTN 1-18,,true,,161,0,1,1,http://52.9.236.138:9287/api/emergenciasExternas/saveEventoExternoLPR,115,0,0
1602282025610,121,GeneraBTN,200,HTTP/1.1 200,BTN 1-19,,true,,161,0,1,1,http://52.9.236.138:9287/api/emergenciasExternas/saveEventoExternoLPR,121,0,0
1602282027203,145,GeneraBTN,200,HTTP/1.1 200,BTN 1-20,,true,,161,0,1,1,http://52.9.236.138:9287/api/emergenciasExternas/saveEventoExternoLPR,145,0,0
1602282028825,126,GeneraBTN,200,HTTP/1.1 200,BTN 1-21,,true,,161,0,1,1,http://52.9.236.138:9287/api/emergenciasExternas/saveEventoExternoLPR,126,0,0
1602282030419,107,GeneraBTN,200,HTTP/1.1 200,BTN 1-22,,true,,161,0,1,1,http://52.9.236.138:9287/api/emergenciasExternas/saveEventoExternoLPR,107,0,0
1602282032017,181,GeneraBTN,200,HTTP/1.1 200,BTN 1-23,,true,,161,0,1,1,http://52.9.236.138:9287/api/emergenciasExternas/saveEventoExternoLPR,181,0,0
1602282033605,141,GeneraBTN,200,HTTP/1.1 200,BTN 1-24,,true,,161,0,1,1,http://52.9.236.138:9287/api/emergenciasExternas/saveEventoExternoLPR,141,0,0
1602282035221,119,GeneraBTN,200,HTTP/1.1 200,BTN 1-25,,true,,161,0,1,1,http://52.9.236.138:9287/api/emergenciasExternas/saveEventoExternoLPR,119,0,0
1602282258069,219,GeneraBTN,200,HTTP/1.1 200,BTN 1-1,,true,,161,0,1,1,http://52.9.236.138:9287/api/emergenciasExternas/saveEventoExternoLPR,217,0,0
1602282260446,125,GeneraBTN,200,HTTP/1.1 200,BTN 1-2,,true,,161,0,1,1,http://52.9.236.138:9287/api/emergenciasExternas/saveEventoExternoLPR,125,0,0
1602282262841,124,GeneraBTN,200,HTTP/1.1 200,BTN 1-3,,true,,161,0,1,1,http://52.9.236.138:9287/api/emergenciasExternas/saveEventoExternoLPR,124,0,0
1602282265233,119,GeneraBTN,200,HTTP/1.1 200,BTN 1-4,,true,,161,0,1,1,http://52.9.236.138:9287/api/emergenciasExternas/saveEventoExternoLPR,119,0,0
1602282267605,112,GeneraBTN,200,HTTP/1.1 200,BTN 1-5,,true,,161,0,1,1,http://52.9.236.138:9287/api/emergenciasExternas/saveEventoExternoLPR,112,0,0
1602282270004,116,GeneraBTN,200,HTTP/1.1 200,BTN 1-6,,true,,161,0,1,1,http://52.9.236.138:9287/api/emergenciasExternas/saveEventoExternoLPR,116,0,0
1602282272402,115,GeneraBTN,200,HTTP/1.1 200,BTN 1-7,,true,,161,0,1,1,http://52.9.236.138:9287/api/emergenciasExternas/saveEventoExternoLPR,115,0,0
1602282274802,121,GeneraBTN,200,HTTP/1.1 200,BTN 1-8,,true,,161,0,1,1,http://52.9.236.138:9287/api/emergenciasExternas/saveEventoExternoLPR,121,0,0
1602282277214,121,GeneraBTN,200,HTTP/1.1 200,BTN 1-9,,true,,161,0,1,1,http://52.9.236.138:9287/api/emergenciasExternas/saveEventoExternoLPR,121,0,0
1602282279604,103,GeneraBTN,200,HTTP/1.1 200,BTN 1-10,,true,,161,0,1,1,http://52.9.236.138:9287/api/emergenciasExternas/saveEventoExternoLPR,103,0,0
1602282282009,104,GeneraBTN,200,HTTP/1.1 200,BTN 1-11,,true,,161,0,1,1,http://52.9.236.138:9287/api/emergenciasExternas/saveEventoExternoLPR,104,0,0
1602282284442,121,GeneraBTN,200,HTTP/1.1 200,BTN 1-12,,true,,161,0,1,1,http://52.9.236.138:9287/api/emergenciasExternas/saveEventoExternoLPR,121,0,0
1602282286804,126,GeneraBTN,200,HTTP/1.1 200,BTN 1-13,,true,,161,0,1,1,http://52.9.236.138:9287/api/emergenciasExternas/saveEventoExternoLPR,126,0,0
1602282289214,117,GeneraBTN,200,HTTP/1.1 200,BTN 1-14,,true,,161,0,1,1,http://52.9.236.138:9287/api/emergenciasExternas/saveEventoExternoLPR,117,0,0
1602282291603,131,GeneraBTN,200,HTTP/1.1 200,BTN 1-15,,true,,161,0,1,1,http://52.9.236.138:9287/api/emergenciasExternas/saveEventoExternoLPR,131,0,0
1602282294016,130,GeneraBTN,200,HTTP/1.1 200,BTN 1-16,,true,,161,0,1,1,http://52.9.236.138:9287/api/emergenciasExternas/saveEventoExternoLPR,130,0,0
1602282296412,125,GeneraBTN,200,HTTP/1.1 200,BTN 1-17,,true,,161,0,1,1,http://52.9.236.138:9287/api/emergenciasExternas/saveEventoExternoLPR,125,0,0
1602282298812,116,GeneraBTN,200,HTTP/1.1 200,BTN 1-18,,true,,161,0,1,1,http://52.9.236.138:9287/api/emergenciasExternas/saveEventoExternoLPR,116,0,0
1602282301203,107,GeneraBTN,200,HTTP/1.1 200,BTN 1-19,,true,,161,0,1,1,http://52.9.236.138:9287/api/emergenciasExternas/saveEventoExternoLPR,107,0,0
1602282303604,154,GeneraBTN,200,HTTP/1.1 200,BTN 1-20,,true,,161,0,1,1,http://52.9.236.138:9287/api/emergenciasExternas/saveEventoExternoLPR,154,0,0
1602282306012,123,GeneraBTN,200,HTTP/1.1 200,BTN 1-21,,true,,161,0,1,1,http://52.9.236.138:9287/api/emergenciasExternas/saveEventoExternoLPR,123,0,0
1602282308416,123,GeneraBTN,200,HTTP/1.1 200,BTN 1-22,,true,,161,0,1,1,http://52.9.236.138:9287/api/emergenciasExternas/saveEventoExternoLPR,122,0,0
1602282310805,120,GeneraBTN,200,HTTP/1.1 200,BTN 1-23,,true,,161,0,1,1,http://52.9.236.138:9287/api/emergenciasExternas/saveEventoExternoLPR,120,0,0
1602282313207,112,GeneraBTN,200,HTTP/1.1 200,BTN 1-24,,true,,161,0,1,1,http://52.9.236.138:9287/api/emergenciasExternas/saveEventoExternoLPR,112,0,0
1602282315611,108,GeneraBTN,200,HTTP/1.1 200,BTN 1-25,,true,,161,0,1,1,http://52.9.236.138:9287/api/emergenciasExternas/saveEventoExternoLPR,108,0,0
1602282616139,271,GeneraBTN,200,HTTP/1.1 200,BTN 1-1,,true,,161,0,1,1,http://52.9.236.138:9287/api/emergenciasExternas/saveEventoExternoLPR,271,0,0
1602282664914,206,GeneraBTN,200,HTTP/1.1 200,BTN 1-1,,true,,161,0,1,1,http://52.9.236.138:9287/api/emergenciasExternas/saveEventoExternoLPR,206,0,0
1602282712627,230,GeneraBTN,200,HTTP/1.1 200,BTN 1-1,,true,,161,0,1,1,http://52.9.236.138:9287/api/emergenciasExternas/saveEventoExternoLPR,230,0,0
1602282714633,132,GeneraBTN,200,HTTP/1.1 200,BTN 1-2,,true,,161,0,1,1,http://52.9.236.138:9287/api/emergenciasExternas/saveEventoExternoLPR,132,0,0
1602282716626,110,GeneraBTN,200,HTTP/1.1 200,BTN 1-3,,true,,161,0,1,1,http://52.9.236.138:9287/api/emergenciasExternas/saveEventoExternoLPR,110,0,0
1602282718627,128,GeneraBTN,200,HTTP/1.1 200,BTN 1-4,,true,,161,0,1,1,http://52.9.236.138:9287/api/emergenciasExternas/saveEventoExternoLPR,128,0,0
1602282720629,108,GeneraBTN,200,HTTP/1.1 200,BTN 1-5,,true,,161,0,1,1,http://52.9.236.138:9287/api/emergenciasExternas/saveEventoExternoLPR,108,0,0
1602282869260,292,GeneraBTN,200,HTTP/1.1 200,BTN 1-1,,true,,161,0,3,3,http://52.9.236.138:9287/api/emergenciasExternas/saveEventoExternoLPR,292,0,0
1602282869373,208,GeneraBTN,200,HTTP/1.1 200,BTN 1-2,,true,,161,0,3,3,http://52.9.236.138:9287/api/emergenciasExternas/saveEventoExternoLPR,208,0,0
1602282869487,200,GeneraBTN,200,HTTP/1.1 200,BTN 1-3,,true,,161,0,3,3,http://52.9.236.138:9287/api/emergenciasExternas/saveEventoExternoLPR,200,0,0
1602282869568,198,GeneraBTN,200,HTTP/1.1 200,BTN 1-4,,true,,161,0,3,3,http://52.9.236.138:9287/api/emergenciasExternas/saveEventoExternoLPR,198,0,0
1602282869661,114,GeneraBTN,200,HTTP/1.1 200,BTN 1-5,,true,,161,0,2,2,http://52.9.236.138:9287/api/emergenciasExternas/saveEventoExternoLPR,114,0,0
1602282869761,110,GeneraBTN,200,HTTP/1.1 200,BTN 1-6,,true,,161,0,2,2,http://52.9.236.138:9287/api/emergenciasExternas/saveEventoExternoLPR,110,0,0
1602282869857,104,GeneraBTN,200,HTTP/1.1 200,BTN 1-7,,true,,161,0,1,1,http://52.9.236.138:9287/api/emergenciasExternas/saveEventoExternoLPR,104,0,0
1602282869992,112,GeneraBTN,200,HTTP/1.1 200,BTN 1-8,,true,,161,0,2,2,http://52.9.236.138:9287/api/emergenciasExternas/saveEventoExternoLPR,111,0,0
1602282870069,111,GeneraBTN,200,HTTP/1.1 200,BTN 1-9,,true,,161,0,2,2,http://52.9.236.138:9287/api/emergenciasExternas/saveEventoExternoLPR,111,0,0
1602282870164,119,GeneraBTN,200,HTTP/1.1 200,BTN 1-10,,true,,161,0,2,2,http://52.9.236.138:9287/api/emergenciasExternas/saveEventoExternoLPR,119,0,0
1602282870268,121,GeneraBTN,200,HTTP/1.1 200,BTN 1-11,,true,,161,0,2,2,http://52.9.236.138:9287/api/emergenciasExternas/saveEventoExternoLPR,121,0,0
1602282870369,106,GeneraBTN,200,HTTP/1.1 200,BTN 1-12,,true,,161,0,1,1,http://52.9.236.138:9287/api/emergenciasExternas/saveEventoExternoLPR,106,0,0
1602282870505,122,GeneraBTN,200,HTTP/1.1 200,BTN 1-13,,true,,161,0,2,2,http://52.9.236.138:9287/api/emergenciasExternas/saveEventoExternoLPR,122,0,0
1602282870612,101,GeneraBTN,200,HTTP/1.1 200,BTN 1-14,,true,,161,0,2,2,http://52.9.236.138:9287/api/emergenciasExternas/saveEventoExternoLPR,101,0,0
1602282870674,112,GeneraBTN,200,HTTP/1.1 200,BTN 1-15,,true,,161,0,2,2,http://52.9.236.138:9287/api/emergenciasExternas/saveEventoExternoLPR,112,0,0
1602282870775,100,GeneraBTN,200,HTTP/1.1 200,BTN 1-16,,true,,161,0,2,2,http://52.9.236.138:9287/api/emergenciasExternas/saveEventoExternoLPR,100,0,0
1602282870864,109,GeneraBTN,200,HTTP/1.1 200,BTN 1-17,,true,,161,0,2,2,http://52.9.236.138:9287/api/emergenciasExternas/saveEventoExternoLPR,109,0,0
1602282870960,135,GeneraBTN,200,HTTP/1.1 200,BTN 1-18,,true,,161,0,2,2,http://52.9.236.138:9287/api/emergenciasExternas/saveEventoExternoLPR,135,0,0
1602282871066,110,GeneraBTN,200,HTTP/1.1 200,BTN 1-19,,true,,161,0,2,2,http://52.9.236.138:9287/api/emergenciasExternas/saveEventoExternoLPR,110,0,0
1602282871171,110,GeneraBTN,200,HTTP/1.1 200,BTN 1-20,,true,,161,0,1,1,http://52.9.236.138:9287/api/emergenciasExternas/saveEventoExternoLPR,110,0,0
1602343254590,220,GeneraBTN,200,HTTP/1.1 200,BTN 1-1,,true,,161,0,3,3,http://52.9.236.138:9287/api/emergenciasExternas/saveEventoExternoLPR,216,0,0
1602343254657,189,GeneraBTN,200,HTTP/1.1 200,BTN 1-2,,true,,161,0,2,2,http://52.9.236.138:9287/api/emergenciasExternas/saveEventoExternoLPR,189,0,0
1602343254754,193,GeneraBTN,200,HTTP/1.1 200,BTN 1-3,,true,,161,0,2,2,http://52.9.236.138:9287/api/emergenciasExternas/saveEventoExternoLPR,193,0,0
1602343254864,106,GeneraBTN,200,HTTP/1.1 200,BTN 1-4,,true,,161,0,2,2,http://52.9.236.138:9287/api/emergenciasExternas/saveEventoExternoLPR,106,0,0
1602343254955,101,GeneraBTN,200,HTTP/1.1 200,BTN 1-5,,true,,161,0,2,2,http://52.9.236.138:9287/api/emergenciasExternas/saveEventoExternoLPR,101,0,0
1602343255053,101,GeneraBTN,200,HTTP/1.1 200,BTN 1-6,,true,,161,0,2,2,http://52.9.236.138:9287/api/emergenciasExternas/saveEventoExternoLPR,101,0,0
1602343255154,99,GeneraBTN,200,HTTP/1.1 200,BTN 1-7,,true,,161,0,2,2,http://52.9.236.138:9287/api/emergenciasExternas/saveEventoExternoLPR,99,0,0
1602343255249,117,GeneraBTN,200,HTTP/1.1 200,BTN 1-8,,true,,161,0,2,2,http://52.9.236.138:9287/api/emergenciasExternas/saveEventoExternoLPR,117,0,0
1602343255353,115,GeneraBTN,200,HTTP/1.1 200,BTN 1-9,,true,,161,0,2,2,http://52.9.236.138:9287/api/emergenciasExternas/saveEventoExternoLPR,115,0,0
1602343255452,108,GeneraBTN,200,HTTP/1.1 200,BTN 1-10,,true,,161,0,2,2,http://52.9.236.138:9287/api/emergenciasExternas/saveEventoExternoLPR,108,0,0
1602343255551,102,GeneraBTN,200,HTTP/1.1 200,BTN 1-11,,true,,161,0,2,2,http://52.9.236.138:9287/api/emergenciasExternas/saveEventoExternoLPR,102,0,0
1602343255653,118,GeneraBTN,200,HTTP/1.1 200,BTN 1-12,,true,,161,0,2,2,http://52.9.236.138:9287/api/emergenciasExternas/saveEventoExternoLPR,118,0,0
1602343255757,118,GeneraBTN,200,HTTP/1.1 200,BTN 1-13,,true,,161,0,2,2,http://52.9.236.138:9287/api/emergenciasExternas/saveEventoExternoLPR,118,0,0
1602343255853,124,GeneraBTN,200,HTTP/1.1 200,BTN 1-14,,true,,161,0,2,2,http://52.9.236.138:9287/api/emergenciasExternas/saveEventoExternoLPR,124,0,0
1602343255951,122,GeneraBTN,200,HTTP/1.1 200,BTN 1-15,,true,,161,0,2,2,http://52.9.236.138:9287/api/emergenciasExternas/saveEventoExternoLPR,122,0,0
1602343256062,124,GeneraBTN,200,HTTP/1.1 200,BTN 1-16,,true,,161,0,2,2,http://52.9.236.138:9287/api/emergenciasExternas/saveEventoExternoLPR,124,0,0
1602343256158,140,GeneraBTN,200,HTTP/1.1 200,BTN 1-17,,true,,161,0,2,2,http://52.9.236.138:9287/api/emergenciasExternas/saveEventoExternoLPR,140,0,0
1602343256255,126,GeneraBTN,200,HTTP/1.1 200,BTN 1-18,,true,,161,0,2,2,http://52.9.236.138:9287/api/emergenciasExternas/saveEventoExternoLPR,126,0,0
1602343256357,114,GeneraBTN,200,HTTP/1.1 200,BTN 1-19,,true,,161,0,2,2,http://52.9.236.138:9287/api/emergenciasExternas/saveEventoExternoLPR,114,0,0
1602343256451,113,GeneraBTN,200,HTTP/1.1 200,BTN 1-20,,true,,161,0,1,1,http://52.9.236.138:9287/api/emergenciasExternas/saveEventoExternoLPR,113,0,0
1602343418837,217,GeneraBTN,200,HTTP/1.1 200,BTN 1-1,,true,,161,0,3,3,http://52.9.236.138:9287/api/emergenciasExternas/saveEventoExternoLPR,213,0,0
1602343418906,198,GeneraBTN,200,HTTP/1.1 200,BTN 1-2,,true,,161,0,3,3,http://52.9.236.138:9287/api/emergenciasExternas/saveEventoExternoLPR,198,0,0
1602343419101,105,GeneraBTN,200,HTTP/1.1 200,BTN 1-4,,true,,161,0,3,3,http://52.9.236.138:9287/api/emergenciasExternas/saveEventoExternoLPR,105,0,0
1602343419011,199,GeneraBTN,200,HTTP/1.1 200,BTN 1-3,,true,,161,0,2,2,http://52.9.236.138:9287/api/emergenciasExternas/saveEventoExternoLPR,199,0,0
1602343419200,96,GeneraBTN,200,HTTP/1.1 200,BTN 1-5,,true,,161,0,1,1,http://52.9.236.138:9287/api/emergenciasExternas/saveEventoExternoLPR,96,0,0
1602343419299,95,GeneraBTN,200,HTTP/1.1 200,BTN 1-6,,true,,161,0,1,1,http://52.9.236.138:9287/api/emergenciasExternas/saveEventoExternoLPR,95,0,0
1602343419399,104,GeneraBTN,200,HTTP/1.1 200,BTN 1-7,,true,,161,0,2,2,http://52.9.236.138:9287/api/emergenciasExternas/saveEventoExternoLPR,104,0,0
1602343419496,97,GeneraBTN,200,HTTP/1.1 200,BTN 1-8,,true,,161,0,1,1,http://52.9.236.138:9287/api/emergenciasExternas/saveEventoExternoLPR,97,0,0
1602343419601,95,GeneraBTN,200,HTTP/1.1 200,BTN 1-9,,true,,161,0,1,1,http://52.9.236.138:9287/api/emergenciasExternas/saveEventoExternoLPR,95,0,0
1602343419701,98,GeneraBTN,200,HTTP/1.1 200,BTN 1-10,,true,,161,0,1,1,http://52.9.236.138:9287/api/emergenciasExternas/saveEventoExternoLPR,98,0,0
1602343419805,99,GeneraBTN,200,HTTP/1.1 200,BTN 1-11,,true,,161,0,2,2,http://52.9.236.138:9287/api/emergenciasExternas/saveEventoExternoLPR,98,0,0
1602343419901,101,GeneraBTN,200,HTTP/1.1 200,BTN 1-12,,true,,161,0,1,1,http://52.9.236.138:9287/api/emergenciasExternas/saveEventoExternoLPR,101,0,0
1602343420010,104,GeneraBTN,200,HTTP/1.1 200,BTN 1-13,,true,,161,0,2,2,http://52.9.236.138:9287/api/emergenciasExternas/saveEventoExternoLPR,104,0,0
1602343420113,103,GeneraBTN,200,HTTP/1.1 200,BTN 1-14,,true,,161,0,2,2,http://52.9.236.138:9287/api/emergenciasExternas/saveEventoExternoLPR,103,0,0
1602343420201,107,GeneraBTN,200,HTTP/1.1 200,BTN 1-15,,true,,161,0,1,1,http://52.9.236.138:9287/api/emergenciasExternas/saveEventoExternoLPR,107,0,0
1602343420309,101,GeneraBTN,200,HTTP/1.1 200,BTN 1-16,,true,,161,0,2,2,http://52.9.236.138:9287/api/emergenciasExternas/saveEventoExternoLPR,101,0,0
1602343420409,102,GeneraBTN,200,HTTP/1.1 200,BTN 1-17,,true,,161,0,2,2,http://52.9.236.138:9287/api/emergenciasExternas/saveEventoExternoLPR,102,0,0
1602343420511,95,GeneraBTN,200,HTTP/1.1 200,BTN 1-18,,true,,161,0,1,1,http://52.9.236.138:9287/api/emergenciasExternas/saveEventoExternoLPR,95,0,0
1602343420636,105,GeneraBTN,200,HTTP/1.1 200,BTN 1-19,,true,,161,0,2,2,http://52.9.236.138:9287/api/emergenciasExternas/saveEventoExternoLPR,105,0,0
1602343420721,94,GeneraBTN,200,HTTP/1.1 200,BTN 1-20,,true,,161,0,1,1,http://52.9.236.138:9287/api/emergenciasExternas/saveEventoExternoLPR,94,0,0
1602343562045,197,GeneraBTN,200,HTTP/1.1 200,BTN 1-1,,true,,161,0,3,3,http://52.9.236.138:9287/api/emergenciasExternas/saveEventoExternoLPR,195,0,0
1602343562126,190,GeneraBTN,200,HTTP/1.1 200,BTN 1-2,,true,,161,0,3,3,http://52.9.236.138:9287/api/emergenciasExternas/saveEventoExternoLPR,190,0,0
1602343562311,104,GeneraBTN,200,HTTP/1.1 200,BTN 1-4,,true,,161,0,3,3,http://52.9.236.138:9287/api/emergenciasExternas/saveEventoExternoLPR,104,0,0
1602343562225,198,GeneraBTN,200,HTTP/1.1 200,BTN 1-3,,true,,161,0,2,2,http://52.9.236.138:9287/api/emergenciasExternas/saveEventoExternoLPR,197,0,0
1602343562410,99,GeneraBTN,200,HTTP/1.1 200,BTN 1-5,,true,,161,0,2,2,http://52.9.236.138:9287/api/emergenciasExternas/saveEventoExternoLPR,99,0,0
1602343562510,97,GeneraBTN,200,HTTP/1.1 200,BTN 1-6,,true,,161,0,2,2,http://52.9.236.138:9287/api/emergenciasExternas/saveEventoExternoLPR,97,0,0
1602343562607,96,GeneraBTN,200,HTTP/1.1 200,BTN 1-7,,true,,161,0,1,1,http://52.9.236.138:9287/api/emergenciasExternas/saveEventoExternoLPR,96,0,0
1602343562707,96,GeneraBTN,200,HTTP/1.1 200,BTN 1-8,,true,,161,0,1,1,http://52.9.236.138:9287/api/emergenciasExternas/saveEventoExternoLPR,96,0,0
1602343562806,92,GeneraBTN,200,HTTP/1.1 200,BTN 1-9,,true,,161,0,1,1,http://52.9.236.138:9287/api/emergenciasExternas/saveEventoExternoLPR,92,0,0
1602343562906,95,GeneraBTN,200,HTTP/1.1 200,BTN 1-10,,true,,161,0,1,1,http://52.9.236.138:9287/api/emergenciasExternas/saveEventoExternoLPR,95,0,0
1602343563011,95,GeneraBTN,200,HTTP/1.1 200,BTN 1-11,,true,,161,0,1,1,http://52.9.236.138:9287/api/emergenciasExternas/saveEventoExternoLPR,95,0,0
1602343563108,95,GeneraBTN,200,HTTP/1.1 200,BTN 1-12,,true,,161,0,1,1,http://52.9.236.138:9287/api/emergenciasExternas/saveEventoExternoLPR,95,0,0
1602343563210,94,GeneraBTN,200,HTTP/1.1 200,BTN 1-13,,true,,161,0,1,1,http://52.9.236.138:9287/api/emergenciasExternas/saveEventoExternoLPR,94,0,0
1602343563313,99,GeneraBTN,200,HTTP/1.1 200,BTN 1-14,,true,,161,0,2,2,http://52.9.236.138:9287/api/emergenciasExternas/saveEventoExternoLPR,99,0,0
1602343563409,107,GeneraBTN,200,HTTP/1.1 200,BTN 1-15,,true,,161,0,2,2,http://52.9.236.138:9287/api/emergenciasExternas/saveEventoExternoLPR,107,0,0
1602343563513,114,GeneraBTN,200,HTTP/1.1 200,BTN 1-16,,true,,161,0,2,2,http://52.9.236.138:9287/api/emergenciasExternas/saveEventoExternoLPR,114,0,0
1602343563625,107,GeneraBTN,200,HTTP/1.1 200,BTN 1-17,,true,,161,0,2,2,http://52.9.236.138:9287/api/emergenciasExternas/saveEventoExternoLPR,107,0,0
1602343563713,101,GeneraBTN,200,HTTP/1.1 200,BTN 1-18,,true,,161,0,2,2,http://52.9.236.138:9287/api/emergenciasExternas/saveEventoExternoLPR,101,0,0
1602343563811,94,GeneraBTN,200,HTTP/1.1 200,BTN 1-19,,true,,161,0,1,1,http://52.9.236.138:9287/api/emergenciasExternas/saveEventoExternoLPR,94,0,0
1602343563911,92,GeneraBTN,200,HTTP/1.1 200,BTN 1-20,,true,,161,0,1,1,http://52.9.236.138:9287/api/emergenciasExternas/saveEventoExternoLPR,92,0,0
1602343719408,391,GeneraBTN,200,HTTP/1.1 200,BTN 1-1,,true,,161,0,5,5,http://52.9.236.138:9287/api/emergenciasExternas/saveEventoExternoLPR,388,0,0
1602343719481,354,GeneraBTN,200,HTTP/1.1 200,BTN 1-2,,true,,161,0,4,4,http://52.9.236.138:9287/api/emergenciasExternas/saveEventoExternoLPR,354,0,0
1602343719590,357,GeneraBTN,200,HTTP/1.1 200,BTN 1-3,,true,,161,0,4,4,http://52.9.236.138:9287/api/emergenciasExternas/saveEventoExternoLPR,357,0,0
1602343719671,337,GeneraBTN,200,HTTP/1.1 200,BTN 1-4,,true,,161,0,4,4,http://52.9.236.138:9287/api/emergenciasExternas/saveEventoExternoLPR,337,0,0
1602343719871,165,GeneraBTN,200,HTTP/1.1 200,BTN 1-6,,true,,161,0,3,3,http://52.9.236.138:9287/api/emergenciasExternas/saveEventoExternoLPR,165,0,0
1602343719773,312,GeneraBTN,200,HTTP/1.1 200,BTN 1-5,,true,,161,0,3,3,http://52.9.236.138:9287/api/emergenciasExternas/saveEventoExternoLPR,312,0,0
1602343719970,154,GeneraBTN,200,HTTP/1.1 200,BTN 1-7,,true,,161,0,2,2,http://52.9.236.138:9287/api/emergenciasExternas/saveEventoExternoLPR,153,0,0
1602343720070,140,GeneraBTN,200,HTTP/1.1 200,BTN 1-8,,true,,161,0,2,2,http://52.9.236.138:9287/api/emergenciasExternas/saveEventoExternoLPR,140,0,0
1602343720175,147,GeneraBTN,200,HTTP/1.1 200,BTN 1-9,,true,,161,0,2,2,http://52.9.236.138:9287/api/emergenciasExternas/saveEventoExternoLPR,147,0,0
1602343720271,134,GeneraBTN,200,HTTP/1.1 200,BTN 1-10,,true,,161,0,2,2,http://52.9.236.138:9287/api/emergenciasExternas/saveEventoExternoLPR,134,0,0
1602343720373,127,GeneraBTN,200,HTTP/1.1 200,BTN 1-11,,true,,161,0,2,2,http://52.9.236.138:9287/api/emergenciasExternas/saveEventoExternoLPR,127,0,0
1602343720470,99,GeneraBTN,200,HTTP/1.1 200,BTN 1-12,,true,,161,0,1,1,http://52.9.236.138:9287/api/emergenciasExternas/saveEventoExternoLPR,99,0,0
1602343720574,97,GeneraBTN,200,HTTP/1.1 200,BTN 1-13,,true,,161,0,1,1,http://52.9.236.138:9287/api/emergenciasExternas/saveEventoExternoLPR,97,0,0
1602343720673,91,GeneraBTN,200,HTTP/1.1 200,BTN 1-14,,true,,161,0,1,1,http://52.9.236.138:9287/api/emergenciasExternas/saveEventoExternoLPR,91,0,0
1602343720774,108,GeneraBTN,200,HTTP/1.1 200,BTN 1-15,,true,,161,0,2,2,http://52.9.236.138:9287/api/emergenciasExternas/saveEventoExternoLPR,108,0,0
1602343720874,98,GeneraBTN,200,HTTP/1.1 200,BTN 1-16,,true,,161,0,2,2,http://52.9.236.138:9287/api/emergenciasExternas/saveEventoExternoLPR,98,0,0
1602343720972,141,GeneraBTN,200,HTTP/1.1 200,BTN 1-17,,true,,161,0,2,2,http://52.9.236.138:9287/api/emergenciasExternas/saveEventoExternoLPR,140,0,0
1602343721072,161,GeneraBTN,200,HTTP/1.1 200,BTN 1-18,,true,,161,0,2,2,http://52.9.236.138:9287/api/emergenciasExternas/saveEventoExternoLPR,161,0,0
1602343721171,118,GeneraBTN,200,HTTP/1.1 200,BTN 1-19,,true,,161,0,2,2,http://52.9.236.138:9287/api/emergenciasExternas/saveEventoExternoLPR,118,0,0
1602343721272,105,GeneraBTN,200,HTTP/1.1 200,BTN 1-20,,true,,161,0,1,1,http://52.9.236.138:9287/api/emergenciasExternas/saveEventoExternoLPR,105,0,0
1602343821504,216,GeneraBTN,200,HTTP/1.1 200,BTN 1-1,,true,,161,0,3,3,http://52.9.236.138:9287/api/emergenciasExternas/saveEventoExternoLPR,212,0,0
1602343821595,190,GeneraBTN,200,HTTP/1.1 200,BTN 1-2,,true,,161,0,3,3,http://52.9.236.138:9287/api/emergenciasExternas/saveEventoExternoLPR,190,0,0
1602343821684,183,GeneraBTN,200,HTTP/1.1 200,BTN 1-3,,true,,161,0,2,2,http://52.9.236.138:9287/api/emergenciasExternas/saveEventoExternoLPR,183,0,0
1602343821774,98,GeneraBTN,200,HTTP/1.1 200,BTN 1-4,,true,,161,0,1,1,http://52.9.236.138:9287/api/emergenciasExternas/saveEventoExternoLPR,98,0,0
1602343821875,94,GeneraBTN,200,HTTP/1.1 200,BTN 1-5,,true,,161,0,1,1,http://52.9.236.138:9287/api/emergenciasExternas/saveEventoExternoLPR,94,0,0
1602343821973,92,GeneraBTN,200,HTTP/1.1 200,BTN 1-6,,true,,161,0,1,1,http://52.9.236.138:9287/api/emergenciasExternas/saveEventoExternoLPR,92,0,0
1602343822076,97,GeneraBTN,200,HTTP/1.1 200,BTN 1-7,,true,,161,0,1,1,http://52.9.236.138:9287/api/emergenciasExternas/saveEventoExternoLPR,97,0,0
1602343822175,96,GeneraBTN,200,HTTP/1.1 200,BTN 1-8,,true,,161,0,1,1,http://52.9.236.138:9287/api/emergenciasExternas/saveEventoExternoLPR,96,0,0
1602343822275,91,GeneraBTN,200,HTTP/1.1 200,BTN 1-9,,true,,161,0,1,1,http://52.9.236.138:9287/api/emergenciasExternas/saveEventoExternoLPR,91,0,0
1602343822376,93,GeneraBTN,200,HTTP/1.1 200,BTN 1-10,,true,,161,0,1,1,http://52.9.236.138:9287/api/emergenciasExternas/saveEventoExternoLPR,93,0,0
1602343822473,92,GeneraBTN,200,HTTP/1.1 200,BTN 1-11,,true,,161,0,1,1,http://52.9.236.138:9287/api/emergenciasExternas/saveEventoExternoLPR,92,0,0
1602343822575,97,GeneraBTN,200,HTTP/1.1 200,BTN 1-12,,true,,161,0,1,1,http://52.9.236.138:9287/api/emergenciasExternas/saveEventoExternoLPR,97,0,0
1602343822675,92,GeneraBTN,200,HTTP/1.1 200,BTN 1-13,,true,,161,0,1,1,http://52.9.236.138:9287/api/emergenciasExternas/saveEventoExternoLPR,92,0,0
1602343822778,92,GeneraBTN,200,HTTP/1.1 200,BTN 1-14,,true,,161,0,1,1,http://52.9.236.138:9287/api/emergenciasExternas/saveEventoExternoLPR,92,0,0
1602343822886,96,GeneraBTN,200,HTTP/1.1 200,BTN 1-15,,true,,161,0,2,2,http://52.9.236.138:9287/api/emergenciasExternas/saveEventoExternoLPR,96,0,0
1602343822981,94,GeneraBTN,200,HTTP/1.1 200,BTN 1-16,,true,,161,0,1,1,http://52.9.236.138:9287/api/emergenciasExternas/saveEventoExternoLPR,94,0,0
1602343823077,102,GeneraBTN,200,HTTP/1.1 200,BTN 1-17,,true,,161,0,1,1,http://52.9.236.138:9287/api/emergenciasExternas/saveEventoExternoLPR,102,0,0
1602343823179,96,GeneraBTN,200,HTTP/1.1 200,BTN 1-18,,true,,161,0,1,1,http://52.9.236.138:9287/api/emergenciasExternas/saveEventoExternoLPR,96,0,0
1602343823276,97,GeneraBTN,200,HTTP/1.1 200,BTN 1-19,,true,,161,0,1,1,http://52.9.236.138:9287/api/emergenciasExternas/saveEventoExternoLPR,97,0,0
1602343823377,104,GeneraBTN,200,HTTP/1.1 200,BTN 1-20,,true,,161,0,1,1,http://52.9.236.138:9287/api/emergenciasExternas/saveEventoExternoLPR,104,0,0
1602344016600,233,GeneraBTN,200,HTTP/1.1 200,BTN 1-1,,true,,161,0,3,3,http://52.9.236.138:9287/api/emergenciasExternas/saveEventoExternoLPR,231,0,0
1602344016677,210,GeneraBTN,200,HTTP/1.1 200,BTN 1-2,,true,,161,0,3,3,http://52.9.236.138:9287/api/emergenciasExternas/saveEventoExternoLPR,210,0,0
1602344016780,183,GeneraBTN,200,HTTP/1.1 200,BTN 1-3,,true,,161,0,2,2,http://52.9.236.138:9287/api/emergenciasExternas/saveEventoExternoLPR,183,0,0
1602344016874,99,GeneraBTN,200,HTTP/1.1 200,BTN 1-4,,true,,161,0,1,1,http://52.9.236.138:9287/api/emergenciasExternas/saveEventoExternoLPR,99,0,0
1602344016974,94,GeneraBTN,200,HTTP/1.1 200,BTN 1-5,,true,,161,0,1,1,http://52.9.236.138:9287/api/emergenciasExternas/saveEventoExternoLPR,94,0,0
1602344017073,108,GeneraBTN,200,HTTP/1.1 200,BTN 1-6,,true,,161,0,2,2,http://52.9.236.138:9287/api/emergenciasExternas/saveEventoExternoLPR,108,0,0
1602344017173,97,GeneraBTN,200,HTTP/1.1 200,BTN 1-7,,true,,161,0,1,1,http://52.9.236.138:9287/api/emergenciasExternas/saveEventoExternoLPR,97,0,0
1602344017272,94,GeneraBTN,200,HTTP/1.1 200,BTN 1-8,,true,,161,0,1,1,http://52.9.236.138:9287/api/emergenciasExternas/saveEventoExternoLPR,94,0,0
1602344017373,93,GeneraBTN,200,HTTP/1.1 200,BTN 1-9,,true,,161,0,1,1,http://52.9.236.138:9287/api/emergenciasExternas/saveEventoExternoLPR,93,0,0
1602344017473,92,GeneraBTN,200,HTTP/1.1 200,BTN 1-10,,true,,161,0,1,1,http://52.9.236.138:9287/api/emergenciasExternas/saveEventoExternoLPR,92,0,0
1602344017575,96,GeneraBTN,200,HTTP/1.1 200,BTN 1-11,,true,,161,0,1,1,http://52.9.236.138:9287/api/emergenciasExternas/saveEventoExternoLPR,96,0,0
1602344017671,96,GeneraBTN,200,HTTP/1.1 200,BTN 1-12,,true,,161,0,1,1,http://52.9.236.138:9287/api/emergenciasExternas/saveEventoExternoLPR,96,0,0
1602344017775,94,GeneraBTN,200,HTTP/1.1 200,BTN 1-13,,true,,161,0,1,1,http://52.9.236.138:9287/api/emergenciasExternas/saveEventoExternoLPR,94,0,0
1602344017876,97,GeneraBTN,200,HTTP/1.1 200,BTN 1-14,,true,,161,0,1,1,http://52.9.236.138:9287/api/emergenciasExternas/saveEventoExternoLPR,97,0,0
1602344017976,94,GeneraBTN,200,HTTP/1.1 200,BTN 1-15,,true,,161,0,1,1,http://52.9.236.138:9287/api/emergenciasExternas/saveEventoExternoLPR,94,0,0
1602344018076,96,GeneraBTN,200,HTTP/1.1 200,BTN 1-16,,true,,161,0,1,1,http://52.9.236.138:9287/api/emergenciasExternas/saveEventoExternoLPR,96,0,0
1602344018173,100,GeneraBTN,200,HTTP/1.1 200,BTN 1-17,,true,,161,0,2,2,http://52.9.236.138:9287/api/emergenciasExternas/saveEventoExternoLPR,100,0,0
1602344018271,96,GeneraBTN,200,HTTP/1.1 200,BTN 1-18,,true,,161,0,1,1,http://52.9.236.138:9287/api/emergenciasExternas/saveEventoExternoLPR,96,0,0
1602344018376,109,GeneraBTN,200,HTTP/1.1 200,BTN 1-19,,true,,161,0,2,2,http://52.9.236.138:9287/api/emergenciasExternas/saveEventoExternoLPR,109,0,0
1602344018476,98,GeneraBTN,200,HTTP/1.1 200,BTN 1-20,,true,,161,0,1,1,http://52.9.236.138:9287/api/emergenciasExternas/saveEventoExternoLPR,98,0,0
1602344311507,210,GeneraBTN,200,HTTP/1.1 200,BTN 1-1,,true,,161,0,3,3,http://52.9.236.138:9287/api/emergenciasExternas/saveEventoExternoLPR,207,0,0
1602344311589,190,GeneraBTN,200,HTTP/1.1 200,BTN 1-2,,true,,161,0,2,2,http://52.9.236.138:9287/api/emergenciasExternas/saveEventoExternoLPR,190,0,0
1602344311692,185,GeneraBTN,200,HTTP/1.1 200,BTN 1-3,,true,,161,0,2,2,http://52.9.236.138:9287/api/emergenciasExternas/saveEventoExternoLPR,185,0,0
1602344311787,98,GeneraBTN,200,HTTP/1.1 200,BTN 1-4,,true,,161,0,1,1,http://52.9.236.138:9287/api/emergenciasExternas/saveEventoExternoLPR,98,0,0
1602344311886,91,GeneraBTN,200,HTTP/1.1 200,BTN 1-5,,true,,161,0,1,1,http://52.9.236.138:9287/api/emergenciasExternas/saveEventoExternoLPR,91,0,0
1602344311984,94,GeneraBTN,200,HTTP/1.1 200,BTN 1-6,,true,,161,0,1,1,http://52.9.236.138:9287/api/emergenciasExternas/saveEventoExternoLPR,94,0,0
1602344312085,101,GeneraBTN,200,HTTP/1.1 200,BTN 1-7,,true,,161,0,2,2,http://52.9.236.138:9287/api/emergenciasExternas/saveEventoExternoLPR,101,0,0
1602344312183,105,GeneraBTN,200,HTTP/1.1 200,BTN 1-8,,true,,161,0,2,2,http://52.9.236.138:9287/api/emergenciasExternas/saveEventoExternoLPR,105,0,0
1602344312284,96,GeneraBTN,200,HTTP/1.1 200,BTN 1-9,,true,,161,0,1,1,http://52.9.236.138:9287/api/emergenciasExternas/saveEventoExternoLPR,96,0,0
1602344312387,96,GeneraBTN,200,HTTP/1.1 200,BTN 1-10,,true,,161,0,1,1,http://52.9.236.138:9287/api/emergenciasExternas/saveEventoExternoLPR,96,0,0
1602344312486,104,GeneraBTN,200,HTTP/1.1 200,BTN 1-11,,true,,161,0,1,1,http://52.9.236.138:9287/api/emergenciasExternas/saveEventoExternoLPR,104,0,0
1602344312594,97,GeneraBTN,200,HTTP/1.1 200,BTN 1-12,,true,,161,0,2,2,http://52.9.236.138:9287/api/emergenciasExternas/saveEventoExternoLPR,97,0,0
1602344312687,92,GeneraBTN,200,HTTP/1.1 200,BTN 1-13,,true,,161,0,1,1,http://52.9.236.138:9287/api/emergenciasExternas/saveEventoExternoLPR,92,0,0
1602344312789,95,GeneraBTN,200,HTTP/1.1 200,BTN 1-14,,true,,161,0,1,1,http://52.9.236.138:9287/api/emergenciasExternas/saveEventoExternoLPR,95,0,0
1602344312885,91,GeneraBTN,200,HTTP/1.1 200,BTN 1-15,,true,,161,0,1,1,http://52.9.236.138:9287/api/emergenciasExternas/saveEventoExternoLPR,91,0,0
1602344312989,102,GeneraBTN,200,HTTP/1.1 200,BTN 1-16,,true,,161,0,2,2,http://52.9.236.138:9287/api/emergenciasExternas/saveEventoExternoLPR,102,0,0
1602344313089,97,GeneraBTN,200,HTTP/1.1 200,BTN 1-17,,true,,161,0,2,2,http://52.9.236.138:9287/api/emergenciasExternas/saveEventoExternoLPR,97,0,0
1602344313185,93,GeneraBTN,200,HTTP/1.1 200,BTN 1-18,,true,,161,0,1,1,http://52.9.236.138:9287/api/emergenciasExternas/saveEventoExternoLPR,93,0,0
1602344313286,92,GeneraBTN,200,HTTP/1.1 200,BTN 1-19,,true,,161,0,1,1,http://52.9.236.138:9287/api/emergenciasExternas/saveEventoExternoLPR,92,0,0
1602344313385,91,GeneraBTN,200,HTTP/1.1 200,BTN 1-20,,true,,161,0,1,1,http://52.9.236.138:9287/api/emergenciasExternas/saveEventoExternoLPR,91,0,0
